日期,开盘,收盘,最高,最低,成交量,成交额,振幅,涨跌幅,涨跌额,换手率
2017/1/3,8.27,8.32,8.34,8.25,459840,420595184,1.09,0.73,0.06,0.31
2017/1/4,8.31,8.32,8.34,8.3,449330,411503440,0.48,0,0,0.31
2017/1/5,8.33,8.33,8.34,8.31,344373,315769696,0.36,0.12,0.01,0.24
2017/1/6,8.33,8.29,8.33,8.27,358154,327176432,0.72,-0.48,-0.04,0.24
2017/1/9,8.29,8.31,8.33,8.27,361082,329994608,0.72,0.24,0.02,0.21
2017/1/10,8.31,8.31,8.32,8.3,241054,220575131,0.24,0,0,0.14
2017/1/11,8.3,8.3,8.33,8.29,303431,277553200,0.48,-0.12,-0.01,0.18
2017/1/12,8.29,8.31,8.33,8.29,428007,391869408,0.48,0.12,0.01,0.25
2017/1/13,8.3,8.32,8.35,8.28,434301,397601904,0.84,0.12,0.01,0.26
2017/1/16,8.31,8.3,8.32,8.23,683166,623025824,1.08,-0.24,-0.02,0.4
2017/1/17,8.28,8.31,8.32,8.26,545552,498179696,0.72,0.12,0.01,0.32
2017/1/18,8.3,8.33,8.35,8.29,574269,526426592,0.72,0.24,0.02,0.34
2017/1/19,8.31,8.34,8.4,8.31,437713,402445632,1.08,0.12,0.01,0.26
2017/1/20,8.33,8.38,8.39,8.33,393329,361865152,0.72,0.48,0.04,0.23
2017/1/23,8.38,8.38,8.42,8.36,420299,388019072,0.72,0,0,0.25
2017/1/24,8.39,8.43,8.44,8.36,470244,434787728,0.95,0.6,0.05,0.28
2017/1/25,8.43,8.42,8.44,8.41,304402,281976288,0.36,-0.12,-0.01,0.18
2017/1/26,8.43,8.49,8.5,8.42,420713,391844288,0.95,0.83,0.07,0.25
2017/2/3,8.5,8.42,8.52,8.39,315472,292617936,1.53,-0.82,-0.07,0.19
2017/2/6,8.42,8.47,8.48,8.42,516786,480441328,0.71,0.59,0.05,0.31
2017/2/7,8.47,8.46,8.48,8.43,396885,368755280,0.59,-0.12,-0.01,0.23
2017/2/8,8.45,8.46,8.46,8.4,360272,333975408,0.71,0,0,0.21
2017/2/9,8.46,8.47,8.49,8.44,342855,319201024,0.59,0.12,0.01,0.2
2017/2/10,8.48,8.49,8.52,8.47,482743,450701344,0.59,0.24,0.02,0.29
2017/2/13,8.5,8.57,8.6,8.49,638365,599951024,1.3,0.94,0.08,0.38
2017/2/14,8.57,8.56,8.58,8.53,362405,340318432,0.58,-0.12,-0.01,0.21
2017/2/15,8.56,8.61,8.7,8.55,756613,716759648,1.75,0.58,0.05,0.45
2017/2/16,8.61,8.62,8.66,8.58,411161,388636224,0.93,0.12,0.01,0.24
2017/2/17,8.62,8.55,8.65,8.53,423775,400161792,1.39,-0.81,-0.07,0.25
2017/2/20,8.56,8.72,8.74,8.56,898755,855710800,2.11,1.99,0.17,0.53
2017/2/21,8.71,8.73,8.78,8.7,646584,618761072,0.92,0.11,0.01,0.38
2017/2/22,8.73,8.73,8.73,8.66,462966,441528336,0.8,0,0,0.27
2017/2/23,8.71,8.67,8.73,8.64,335328,319293840,1.03,-0.69,-0.06,0.2
2017/2/24,8.66,8.66,8.7,8.64,332500,316020784,0.69,-0.12,-0.01,0.2
2017/2/27,8.66,8.59,8.66,8.58,407341,384781008,0.92,-0.81,-0.07,0.24
2017/2/28,8.59,8.64,8.67,8.58,369720,350366896,1.05,0.58,0.05,0.22
2017/3/1,8.65,8.65,8.71,8.63,346994,330157968,0.93,0.12,0.01,0.21
2017/3/2,8.67,8.59,8.7,8.58,403629,382395888,1.39,-0.69,-0.06,0.24
2017/3/3,8.57,8.56,8.59,8.52,342655,321952544,0.81,-0.35,-0.03,0.2
2017/3/6,8.56,8.61,8.62,8.55,404511,381212304,0.82,0.58,0.05,0.24
2017/3/7,8.6,8.61,8.62,8.56,294673,277747408,0.7,0,0,0.17
2017/3/8,8.59,8.58,8.61,8.56,244438,230425150,0.58,-0.35,-0.03,0.14
2017/3/9,8.57,8.54,8.59,8.52,378170,354813680,0.82,-0.47,-0.04,0.22
2017/3/10,8.54,8.56,8.57,8.52,390182,366140048,0.59,0.23,0.02,0.23
2017/3/13,8.55,8.6,8.61,8.53,545304,513148480,0.93,0.47,0.04,0.32
2017/3/14,8.59,8.6,8.62,8.57,404484,381594064,0.58,0,0,0.24
2017/3/15,8.58,8.64,8.64,8.58,546561,515943744,0.7,0.47,0.04,0.32
2017/3/16,8.64,8.68,8.69,8.61,635954,603450064,0.93,0.46,0.04,0.38
2017/3/17,8.61,8.47,8.62,8.46,1583647,1482736992,1.84,-2.42,-0.21,0.94
2017/3/20,8.45,8.41,8.47,8.38,715022,661887008,1.06,-0.71,-0.06,0.42
2017/3/21,8.41,8.4,8.42,8.36,554649,511914336,0.71,-0.12,-0.01,0.33
2017/3/22,8.36,8.32,8.38,8.3,566124,519331024,0.95,-0.95,-0.08,0.33
2017/3/23,8.32,8.36,8.4,8.31,433588,398986560,1.08,0.48,0.04,0.26
2017/3/24,8.36,8.35,8.4,8.32,710828,653533824,0.96,-0.12,-0.01,0.42
2017/3/27,8.28,8.3,8.35,8.24,985012,900094464,1.32,-0.6,-0.05,0.58
2017/3/28,8.32,8.28,8.33,8.26,481373,439405824,0.84,-0.24,-0.02,0.28
2017/3/29,8.29,8.27,8.31,8.25,601141,548060688,0.72,-0.12,-0.01,0.36
2017/3/30,8.28,8.24,8.28,8.22,687286,623995520,0.73,-0.36,-0.03,0.41
2017/3/31,8.24,8.33,8.34,8.24,633121,578579040,1.21,1.09,0.09,0.37
2017/4/5,8.32,8.37,8.38,8.31,499150,458567840,0.84,0.48,0.04,0.3
2017/4/6,8.36,8.36,8.38,8.33,434391,399118976,0.6,-0.12,-0.01,0.26
2017/4/7,8.35,8.36,8.38,8.33,514845,473366400,0.6,0,0,0.3
2017/4/10,8.36,8.34,8.37,8.33,401344,368682032,0.48,-0.24,-0.02,0.24
2017/4/11,8.33,8.31,8.35,8.25,612438,560304080,1.2,-0.36,-0.03,0.36
2017/4/12,8.32,8.28,8.33,8.26,455337,416101248,0.84,-0.36,-0.03,0.27
2017/4/13,8.27,8.28,8.3,8.26,357443,325949856,0.48,0,0,0.21
2017/4/14,8.27,8.24,8.28,8.22,490501,445637456,0.72,-0.48,-0.04,0.29
2017/4/17,8.24,8.26,8.27,8.21,531892,483130496,0.73,0.24,0.02,0.31
2017/4/18,8.25,8.21,8.26,8.21,335377,304162864,0.61,-0.61,-0.05,0.2
2017/4/19,8.19,8.07,8.2,8.06,799669,714963680,1.71,-1.71,-0.14,0.47
2017/4/20,8.06,8.08,8.1,8.05,437630,390063536,0.62,0.12,0.01,0.26
2017/4/21,8.08,8.13,8.15,8.06,325408,291126080,1.11,0.62,0.05,0.19
2017/4/24,8.13,8.09,8.14,8.05,394995,352926400,1.11,-0.49,-0.04,0.23
2017/4/25,8.09,8.16,8.17,8.09,377933,339230144,0.99,0.87,0.07,0.22
2017/4/26,8.16,8.15,8.17,8.12,382147,343316096,0.61,-0.12,-0.01,0.23
2017/4/27,8.13,8.13,8.14,8.07,387393,346186992,0.86,-0.25,-0.02,0.23
2017/4/28,8.12,8.15,8.15,8.08,286446,256106698,0.86,0.25,0.02,0.17
2017/5/2,8.12,8.1,8.12,8.06,311026,277665888,0.74,-0.61,-0.05,0.18
2017/5/3,8.08,8.07,8.09,8.05,280311,249660877,0.49,-0.37,-0.03,0.17
2017/5/4,8.05,7.9,8.05,7.88,696517,613783440,2.11,-2.11,-0.17,0.41
2017/5/5,7.9,7.79,7.92,7.74,623701,539541744,2.28,-1.39,-0.11,0.37
2017/5/8,7.76,7.73,7.78,7.7,460090,394424112,1.03,-0.77,-0.06,0.27
2017/5/9,7.72,7.8,7.8,7.71,324194,279119680,1.16,0.91,0.07,0.19
2017/5/10,7.79,7.83,7.96,7.78,573078,498675312,2.31,0.38,0.03,0.34
2017/5/11,7.81,7.86,7.88,7.76,503644,436444288,1.53,0.38,0.03,0.3
2017/5/12,7.84,8.06,8.06,7.8,917968,809131904,3.31,2.54,0.2,0.54
2017/5/15,8.05,8.02,8.11,7.97,536578,476417664,1.74,-0.5,-0.04,0.32
2017/5/16,8,8,8.01,7.89,524872,461069296,1.5,-0.25,-0.02,0.31
2017/5/17,7.97,7.93,7.97,7.91,417338,365987536,0.75,-0.88,-0.07,0.25
2017/5/18,7.88,7.89,7.93,7.87,227401,198765579,0.76,-0.5,-0.04,0.13
2017/5/19,7.9,7.85,7.92,7.84,294271,256396867,1.01,-0.51,-0.04,0.17
2017/5/22,7.84,7.84,7.89,7.77,679120,588546720,1.53,-0.13,-0.01,0.4
2017/5/23,7.83,7.95,8,7.8,800040,702123776,2.55,1.4,0.11,0.47
2017/5/24,7.94,7.97,7.99,7.84,532377,466560640,1.89,0.25,0.02,0.31
2017/5/25,7.95,8.26,8.3,7.94,1621544,1462763024,4.52,3.64,0.29,0.96
2017/5/26,8.24,8.26,8.29,8.2,895366,813387168,1.09,0,0,0.53
2017/5/31,8.26,8.36,8.39,8.22,1033211,948741888,2.06,1.21,0.1,0.61
2017/6/1,8.36,8.35,8.39,8.28,566183,519544672,1.32,-0.12,-0.01,0.33
2017/6/2,8.34,8.33,8.45,8.3,770757,710119504,1.8,-0.24,-0.02,0.46
2017/6/5,8.29,8.19,8.33,8.15,634133,573460400,2.16,-1.68,-0.14,0.37
2017/6/6,8.17,8.2,8.22,8.15,355342,320520912,0.85,0.12,0.01,0.21
2017/6/7,8.18,8.29,8.31,8.17,645723,587357664,1.71,1.1,0.09,0.38
2017/6/8,8.27,8.29,8.31,8.24,383004,348860768,0.84,0,0,0.23
2017/6/9,8.31,8.31,8.38,8.28,685468,628281696,1.21,0.24,0.02,0.41
2017/6/12,8.31,8.27,8.35,8.26,504578,461493696,1.08,-0.48,-0.04,0.3
2017/6/13,8.27,8.28,8.3,8.21,448435,407876688,1.09,0.12,0.01,0.27
2017/6/14,8.28,8.24,8.29,8.2,375444,340596128,1.09,-0.48,-0.04,0.22
2017/6/15,8.24,8.2,8.24,8.19,337798,305610496,0.61,-0.49,-0.04,0.2
2017/6/16,8.2,8.18,8.24,8.17,285991,258559005,0.85,-0.24,-0.02,0.17
2017/6/19,8.19,8.29,8.31,8.18,489705,446000768,1.59,1.34,0.11,0.29
2017/6/20,8.28,8.28,8.32,8.25,313616,286053888,0.84,-0.12,-0.01,0.19
2017/6/21,8.33,8.31,8.34,8.27,496932,454488896,0.85,0.36,0.03,0.29
2017/6/22,8.31,8.41,8.56,8.3,1426958,1325210560,3.13,1.2,0.1,0.84
2017/6/23,8.39,8.41,8.43,8.32,584004,538303568,1.31,0,0,0.35
2017/6/26,8.42,8.46,8.56,8.42,710770,663762848,1.66,0.59,0.05,0.42
2017/6/27,8.46,8.52,8.55,8.43,546016,509162016,1.42,0.71,0.06,0.32
2017/6/28,8.51,8.59,8.65,8.49,1168796,1102438096,1.88,0.82,0.07,0.69
2017/6/29,8.59,8.59,8.61,8.53,488805,459810416,0.93,0,0,0.29
2017/6/30,8.56,8.55,8.59,8.47,499633,468003520,1.4,-0.47,-0.04,0.3
2017/7/3,8.56,8.56,8.59,8.5,388349,364465840,1.05,0.12,0.01,0.23
2017/7/4,8.56,8.5,8.57,8.46,488363,456577024,1.29,-0.7,-0.06,0.29
2017/7/5,8.45,8.53,8.54,8.43,567720,529294112,1.29,0.35,0.03,0.34
2017/7/6,8.52,8.56,8.57,8.47,738912,691387184,1.17,0.35,0.03,0.44
2017/7/7,8.53,8.63,8.64,8.5,760370,717084352,1.64,0.82,0.07,0.45
2017/7/10,8.61,8.75,8.82,8.6,1360816,1303090000,2.55,1.39,0.12,0.8
2017/7/11,8.77,9.41,9.62,8.77,3812087,3842010176,9.71,7.54,0.66,2.25
2017/7/12,9.43,9.5,9.74,9.36,2998844,3113681344,4.04,0.96,0.09,1.77
2017/7/13,9.46,10.06,10.06,9.4,2994534,3180144560,6.95,5.89,0.56,1.77
2017/7/14,9.97,10.06,10.1,9.82,1722570,1864449200,2.78,0,0,1.02
2017/7/17,10.11,9.97,10.49,9.88,3273123,3608692272,6.06,-0.89,-0.09,1.93
2017/7/18,9.91,10.21,10.3,9.78,2349432,2558433984,5.22,2.41,0.24,1.39
2017/7/19,10.15,10.25,10.35,10.04,1933076,2131336288,3.04,0.39,0.04,1.14
2017/7/20,10.24,10.13,10.38,10.07,1537339,1695060976,3.02,-1.17,-0.12,0.91
2017/7/21,10.15,10.21,10.27,10.01,1501020,1625416432,2.57,0.79,0.08,0.89
2017/7/24,10.14,10.27,10.38,10.05,1692664,1846886672,3.23,0.59,0.06,1
2017/7/25,10.3,10.32,10.59,10.27,1954768,2172114592,3.12,0.49,0.05,1.16
2017/7/26,10.24,10.06,10.5,9.98,1697412,1846282144,5.04,-2.52,-0.26,1
2017/7/27,10.04,9.91,10.09,9.85,1194490,1273888880,2.39,-1.49,-0.15,0.71
2017/7/28,9.93,10.06,10.13,9.9,819195,877769280,2.32,1.51,0.15,0.48
2017/7/31,10.12,9.99,10.14,9.77,1575864,1671814032,3.68,-0.7,-0.07,0.93
2017/8/1,9.96,10.36,10.4,9.92,2035710,2222887936,4.8,3.7,0.37,1.2
2017/8/2,10.37,10.47,10.66,10.28,2062069,2307726688,3.67,1.06,0.11,1.22
2017/8/3,10.46,10.33,10.54,10.29,984219,1090954128,2.39,-1.34,-0.14,0.58
2017/8/4,10.32,10.49,10.61,10.25,1353952,1511389824,3.48,1.55,0.16,0.8
2017/8/7,10.38,10.32,10.49,10.22,860644,946975696,2.57,-1.62,-0.17,0.51
2017/8/8,10.32,10.37,10.43,10.23,689567,758872032,1.94,0.48,0.05,0.41
2017/8/9,10.28,10.05,10.34,10,1042322,1126512112,3.28,-3.09,-0.32,0.62
2017/8/10,10.02,9.94,10.14,9.86,959880,1026676000,2.79,-1.09,-0.11,0.57
2017/8/11,9.8,9.34,9.86,9.31,2440643,2501779376,5.53,-6.04,-0.6,1.44
2017/8/14,9.45,9.54,9.57,9.36,1157665,1175479136,2.25,2.14,0.2,0.68
2017/8/15,9.56,9.63,9.83,9.53,1075162,1116750000,3.14,0.94,0.09,0.64
2017/8/16,9.61,9.66,9.69,9.47,756806,778517616,2.28,0.31,0.03,0.45
2017/8/17,9.67,9.74,9.74,9.61,553642,573093952,1.35,0.83,0.08,0.33
2017/8/18,9.68,9.76,9.92,9.61,616520,643188720,3.18,0.21,0.02,0.36
2017/8/21,9.75,9.78,9.84,9.71,399155,417653104,1.33,0.2,0.02,0.24
2017/8/22,9.8,9.97,9.98,9.69,875682,922881872,2.97,1.94,0.19,0.52
2017/8/23,9.95,10.22,10.3,9.91,1319152,1430051904,3.91,2.51,0.25,0.78
2017/8/24,10.21,10.25,10.43,10.16,924249,1014933648,2.64,0.29,0.03,0.55
2017/8/25,10.26,10.43,10.49,10.22,963940,1068994544,2.63,1.76,0.18,0.57
2017/8/28,10.42,10.67,10.86,10.42,1603938,1828380080,4.22,2.3,0.24,0.95
2017/8/29,10.62,10.99,11.06,10.6,1357984,1569230032,4.31,3,0.32,0.8
2017/8/30,11,10.75,11.02,10.67,1096675,1264128144,3.18,-2.18,-0.24,0.65
2017/8/31,10.71,10.6,10.76,10.47,1151786,1297730592,2.7,-1.4,-0.15,0.68
2017/9/1,10.6,10.53,10.71,10.47,959977,1080996320,2.26,-0.66,-0.07,0.57
2017/9/4,10.5,11.04,11.04,10.49,1352326,1551875040,5.22,4.84,0.51,0.8
2017/9/5,11,10.96,11.26,10.92,1287519,1513759536,3.08,-0.72,-0.08,0.76
2017/9/6,10.91,11.02,11.2,10.8,791622,925519040,3.65,0.55,0.06,0.47
2017/9/7,10.97,10.76,11.07,10.71,614187,711036416,3.27,-2.36,-0.26,0.36
2017/9/8,10.78,10.81,10.96,10.7,481276,553644528,2.42,0.46,0.05,0.28
2017/9/11,10.86,10.7,11.01,10.62,699473,801825008,3.61,-1.02,-0.11,0.41
2017/9/12,10.7,10.86,10.86,10.59,846183,962032176,2.52,1.5,0.16,0.5
2017/9/13,10.81,10.75,10.86,10.66,668237,765028192,1.84,-1.01,-0.11,0.39
2017/9/14,10.75,10.64,10.91,10.56,883088,1005775584,3.26,-1.02,-0.11,0.52
2017/9/15,10.61,10.61,10.64,10.47,646095,726061104,1.6,-0.28,-0.03,0.38
2017/9/18,10.57,10.57,10.64,10.52,607613,684223024,1.13,-0.38,-0.04,0.36
2017/9/19,10.57,10.45,10.66,10.4,764213,853816000,2.46,-1.14,-0.12,0.45
2017/9/20,10.46,10.61,10.69,10.37,787155,884640960,3.06,1.53,0.16,0.47
2017/9/21,10.58,10.78,10.83,10.52,692408,788605296,2.92,1.6,0.17,0.41
2017/9/22,10.75,10.76,10.84,10.63,593928,677622496,1.95,-0.19,-0.02,0.35
2017/9/25,10.76,10.61,10.77,10.5,532391,602270304,2.51,-1.39,-0.15,0.31
2017/9/26,10.58,10.37,10.62,10.28,967461,1074228192,3.2,-2.26,-0.24,0.57
2017/9/27,10.33,10.25,10.4,10.22,727188,798377280,1.74,-1.16,-0.12,0.43
2017/9/28,10.3,10.2,10.3,10.14,517220,563485120,1.56,-0.49,-0.05,0.31
2017/9/29,10.24,10.43,10.48,10.18,682280,753852528,2.94,2.25,0.23,0.4
2017/10/9,10.89,10.62,10.96,10.58,1325227,1520609504,3.64,1.82,0.19,0.78
2017/10/10,10.65,10.79,10.82,10.65,747925,853665856,1.6,1.6,0.17,0.44
2017/10/11,10.8,10.85,10.9,10.66,658078,756203408,2.22,0.56,0.06,0.39
2017/10/12,10.86,10.87,10.9,10.79,578065,667148384,1.01,0.18,0.02,0.34
2017/10/13,10.88,10.68,10.88,10.57,737376,839662736,2.85,-1.75,-0.19,0.44
2017/10/16,10.68,10.91,10.92,10.61,1036251,1190724208,2.9,2.15,0.23,0.61
2017/10/17,10.94,10.83,10.97,10.8,506372,585334000,1.56,-0.73,-0.08,0.3
2017/10/18,10.85,11.01,11.02,10.83,871365,1011050928,1.75,1.66,0.18,0.52
2017/10/19,10.96,10.95,11.04,10.89,722765,841546800,1.36,-0.54,-0.06,0.43
2017/10/20,10.91,10.8,10.91,10.73,461808,529747056,1.64,-1.37,-0.15,0.27
2017/10/23,10.71,10.51,10.72,10.47,1074465,1206888288,2.31,-2.69,-0.29,0.64
2017/10/24,10.52,10.71,10.74,10.5,618872,700896864,2.28,1.9,0.2,0.37
2017/10/25,10.68,10.59,10.69,10.57,418574,472708176,1.12,-1.12,-0.12,0.25
2017/10/26,10.57,10.5,10.64,10.44,928996,1041707024,1.89,-0.85,-0.09,0.55
2017/10/27,10.51,10.88,10.88,10.5,1360086,1548543728,3.62,3.62,0.38,0.8
2017/10/30,10.87,10.88,11.05,10.77,1278247,1484495472,2.57,0,0,0.76
2017/10/31,10.87,10.86,10.9,10.71,627491,721237472,1.75,-0.18,-0.02,0.37
2017/11/1,10.88,10.72,10.91,10.64,692618,792881040,2.49,-1.29,-0.14,0.41
2017/11/2,10.68,10.86,10.9,10.58,604308,689229872,2.99,1.31,0.14,0.36
2017/11/3,10.81,10.71,11,10.67,743343,852032112,3.04,-1.38,-0.15,0.44
2017/11/6,10.74,10.6,10.74,10.41,1029903,1157303984,3.08,-1.03,-0.11,0.61
2017/11/7,10.59,11.24,11.41,10.57,2477163,2914269168,7.92,6.04,0.64,1.46
2017/11/8,11.32,11.45,11.91,11.25,4262826,5199224320,5.87,1.87,0.21,2.52
2017/11/9,11.52,11.65,11.89,11.47,2295289,2839861728,3.67,1.75,0.2,1.36
2017/11/10,11.69,11.62,11.87,11.47,1757552,2167126592,3.43,-0.26,-0.03,1.04
2017/11/13,11.67,12.22,12.42,11.67,2566906,3307955296,6.45,5.16,0.6,1.52
2017/11/14,12.27,12.27,12.58,12.13,1780302,2318092528,3.68,0.41,0.05,1.05
2017/11/15,12.22,12.22,12.45,12.09,1263052,1627912720,2.93,-0.41,-0.05,0.75
2017/11/16,12.22,12.42,12.44,11.99,1200815,1550701792,3.68,1.64,0.2,0.71
2017/11/17,12.49,12.5,12.78,12.35,2064150,2731215936,3.46,0.64,0.08,1.22
2017/11/20,12.45,13.57,13.57,12.37,2843926,3860145472,9.6,8.56,1.07,1.68
2017/11/21,13.39,13.77,14.11,13.33,2495328,3609849024,5.75,1.47,0.2,1.47
2017/11/22,13.8,14.42,14.56,13.8,2570231,3839501152,5.52,4.72,0.65,1.52
2017/11/23,14.47,13.67,14.56,13.39,2429142,3562843392,8.11,-5.2,-0.75,1.44
2017/11/24,13.61,13.88,13.91,13.1,2630190,3732597280,5.93,1.54,0.21,1.55
2017/11/27,13.62,13.25,13.62,13.07,2064085,2878491904,3.96,-4.54,-0.63,1.22
2017/11/28,13.17,13.02,13.17,12.72,1766433,2396540128,3.4,-1.74,-0.23,1.04
2017/11/29,13.05,13.14,13.25,12.79,1564095,2148312656,3.53,0.92,0.12,0.92
2017/11/30,13.02,12.7,13.05,12.58,1379636,1866700880,3.58,-3.35,-0.44,0.82
2017/12/1,12.72,12.32,12.8,12.28,1784933,2354299664,4.09,-2.99,-0.38,1.06
2017/12/4,12.37,12.62,12.69,12.32,1454023,1923315712,3,2.44,0.3,0.86
2017/12/5,12.47,12.62,12.81,12.42,1723681,2301867648,3.09,0,0,1.02
2017/12/6,12.58,12.4,12.59,12.11,1619845,2104168544,3.8,-1.74,-0.22,0.96
2017/12/7,12.37,12.15,12.46,12.07,1181958,1526953344,3.15,-2.02,-0.25,0.7
2017/12/8,12.21,12.41,12.41,12.07,1351315,1751423120,2.8,2.14,0.26,0.8
2017/12/11,12.4,12.82,12.89,12.2,2261953,2980735568,5.56,3.3,0.41,1.34
2017/12/12,12.72,12.34,12.8,12.34,1743406,2302354896,3.59,-3.74,-0.48,1.03
2017/12/13,12.32,12.45,12.52,12.2,1289248,1679022032,2.59,0.89,0.11,0.76
2017/12/14,12.47,12.32,12.63,12.23,1001998,1311131920,3.21,-1.04,-0.13,0.59
2017/12/15,12.22,12.04,12.25,11.99,1099953,1405372000,2.11,-2.27,-0.28,0.65
2017/12/18,12.05,12.07,12.23,11.96,805465,1029422752,2.24,0.25,0.03,0.48
2017/12/19,12.11,12.6,12.64,12.06,2397943,3138687568,4.81,4.39,0.53,1.42
2017/12/20,12.52,12.58,12.63,12.45,1106245,1463802112,1.43,-0.16,-0.02,0.65
2017/12/21,12.5,12.86,13,12.48,1485203,2005617680,4.13,2.23,0.28,0.88
2017/12/22,12.82,12.84,12.95,12.77,742901,1004525776,1.4,-0.16,-0.02,0.44
2017/12/25,12.84,12.57,13.18,12.48,1585567,2145040656,5.45,-2.1,-0.27,0.94
2017/12/26,12.58,12.98,13.01,12.51,1123688,1510826272,3.98,3.26,0.41,0.66
2017/12/27,12.9,12.61,13.1,12.51,1366567,1848165008,4.55,-2.85,-0.37,0.81
2017/12/28,12.6,12.53,12.78,12.34,1553030,2052944544,3.49,-0.63,-0.08,0.92
2017/12/29,12.53,12.62,12.75,12.42,982916,1303222048,2.63,0.72,0.09,0.58
2018/1/2,12.67,13.02,13.25,12.64,2081593,2856543824,4.83,3.17,0.4,1.23
2018/1/3,13.05,12.65,13.18,12.52,2962498,4006220768,5.07,-2.84,-0.37,1.75
2018/1/4,12.64,12.57,12.69,12.45,1854509,2454543520,1.9,-0.63,-0.08,1.1
2018/1/5,12.53,12.62,12.67,12.47,1210313,1603289520,1.59,0.4,0.05,0.72
2018/1/8,12.57,12.28,12.61,12.18,2158621,2806099168,3.41,-2.69,-0.34,1.28
2018/1/9,12.28,12.4,12.52,12.24,1344345,1754315792,2.28,0.98,0.12,0.79
2018/1/10,12.36,12.79,12.81,12.24,2403277,3196055824,4.6,3.15,0.39,1.42
2018/1/11,12.73,12.72,12.91,12.59,1443878,1937494288,2.5,-0.55,-0.07,0.85
2018/1/12,12.77,12.87,13,12.73,1353991,1833435680,2.12,1.18,0.15,0.8
2018/1/15,12.83,13.52,13.65,12.82,3122395,4376707072,6.45,5.05,0.65,1.85
2018/1/16,13.49,13.52,13.7,13.34,2444549,3479177088,2.66,0,0,1.44
2018/1/17,13.65,13.55,14.12,13.52,2656294,3849312880,4.44,0.22,0.03,1.57
2018/1/18,13.72,14.04,14.04,13.6,2148027,3120455744,3.25,3.62,0.49,1.27
2018/1/19,14.12,14.12,14.45,14,2571147,3832857440,3.21,0.57,0.08,1.52
2018/1/22,13.92,13.76,14.26,13.75,2073867,3032799072,3.61,-2.55,-0.36,1.23
2018/1/23,13.68,13.97,14.22,13.65,2388792,3492462000,4.14,1.53,0.21,1.41
2018/1/24,13.98,13.96,14.4,13.82,2591292,3838734928,4.15,-0.07,-0.01,1.53
2018/1/25,13.77,13.52,13.79,13.32,2369985,3360822352,3.37,-3.15,-0.44,1.4
2018/1/26,13.5,13.37,13.66,13.34,2032989,2885104624,2.37,-1.11,-0.15,1.2
2018/1/29,13.37,13.06,13.57,12.92,2090547,2911452096,4.86,-2.32,-0.31,1.24
2018/1/30,13.02,12.97,13.16,12.87,1094740,1497708880,2.22,-0.69,-0.09,0.65
2018/1/31,12.92,13.37,13.37,12.85,1747729,2423104768,4.01,3.08,0.4,1.03
2018/2/1,13.27,13.35,13.62,13.16,2005615,2821583616,3.44,-0.15,-0.02,1.19
2018/2/2,13.23,13.37,13.42,12.95,1176513,1637619616,3.52,0.15,0.02,0.7
2018/2/5,13.12,13.87,13.89,13.05,2331998,3326355312,6.28,3.74,0.5,1.38
2018/2/6,13.55,13.32,13.65,13.25,2582872,3641294704,2.88,-3.97,-0.55,1.53
2018/2/7,13.54,12.24,13.62,12.08,3345717,4521586688,11.56,-8.11,-1.08,1.98
2018/2/8,12.15,11.86,12.24,11.85,2137815,2711464880,3.19,-3.1,-0.38,1.26
2018/2/9,11.4,11.01,11.4,10.7,2824950,3308553504,5.9,-7.17,-0.85,1.67
2018/2/12,11.1,11.04,11.16,10.88,1228782,1439644320,2.54,0.27,0.03,0.73
2018/2/13,11.19,11.26,11.53,11.16,1298179,1562420000,3.35,1.99,0.22,0.77
2018/2/14,11.28,11.32,11.35,11.08,864190,1030474416,2.4,0.53,0.06,0.51
2018/2/22,11.57,11.78,11.85,11.57,1268406,1573562576,2.47,4.06,0.46,0.75
2018/2/23,11.9,11.93,12.11,11.77,1013663,1278185728,2.89,1.27,0.15,0.6
2018/2/26,12.09,11.95,12.17,11.77,1045759,1318960464,3.35,0.17,0.02,0.62
2018/2/27,11.96,11.6,12.02,11.51,1285869,1590018496,4.27,-2.93,-0.35,0.76
2018/2/28,11.42,11.37,11.51,11.25,1214146,1463313696,2.24,-1.98,-0.23,0.72
2018/3/1,11.24,11.36,11.47,11.22,886957,1069354496,2.2,-0.09,-0.01,0.52
2018/3/2,11.24,11.27,11.36,11.17,663124,791736480,1.67,-0.79,-0.09,0.39
2018/3/5,11.25,11.18,11.4,11.12,754183,897244272,2.48,-0.8,-0.09,0.45
2018/3/6,11.27,11.42,11.43,11.09,1150162,1373438384,3.04,2.15,0.24,0.68
2018/3/7,11.47,11.37,11.66,11.36,1427570,1744085264,2.63,-0.44,-0.05,0.84
2018/3/8,11.37,11.43,11.47,11.27,689755,832153696,1.76,0.53,0.06,0.41
2018/3/9,11.47,11.41,11.52,11.3,943877,1139043568,1.92,-0.17,-0.02,0.56
2018/3/12,11.47,11.35,11.49,11.27,1268701,1526643472,1.93,-0.53,-0.06,0.75
2018/3/13,11.36,11.34,11.54,11.32,1082267,1309543472,1.94,-0.09,-0.01,0.64
2018/3/14,11.3,11.24,11.32,11.15,635594,757090752,1.5,-0.88,-0.1,0.38
2018/3/15,11.11,11.03,11.17,10.98,1155695,1356878640,1.69,-1.87,-0.21,0.68
2018/3/16,11.04,10.96,11.17,10.96,962983,1130784176,1.9,-0.63,-0.07,0.57
2018/3/19,10.98,11.15,11.16,10.93,808539,947664752,2.1,1.73,0.19,0.48
2018/3/20,11.06,11.14,11.2,11.04,776150,916858480,1.43,-0.09,-0.01,0.46
2018/3/21,11.27,11.22,11.44,11.17,1445110,1736437408,2.42,0.72,0.08,0.85
2018/3/22,11.22,10.98,11.29,10.94,984278,1155741056,3.12,-2.14,-0.24,0.58
2018/3/23,10.57,10.66,10.67,10.24,1825691,2037734400,3.92,-2.91,-0.32,1.08
2018/3/26,10.47,10.25,10.52,10.18,1383599,1519435008,3.19,-3.85,-0.41,0.82
2018/3/27,10.42,10.26,10.49,10.18,1103934,1213989936,3.02,0.1,0.01,0.65
2018/3/28,10.17,10.21,10.46,10.11,1099023,1201023440,3.41,-0.49,-0.05,0.65
2018/3/29,10.24,10.37,10.49,9.87,1330602,1445281824,6.07,1.57,0.16,0.79
2018/3/30,10.36,10.22,10.37,10.2,752174,823438176,1.64,-1.45,-0.15,0.44
2018/4/2,10.19,10.03,10.31,10.02,1109316,1200911984,2.84,-1.86,-0.19,0.66
2018/4/3,9.92,9.88,9.99,9.83,890746,942237808,1.6,-1.5,-0.15,0.53
2018/4/4,10,10.19,10.33,9.92,1602489,1737258896,4.15,3.14,0.31,0.95
2018/4/9,10.12,10.34,10.42,10.05,1074796,1180084368,3.63,1.47,0.15,0.64
2018/4/10,10.34,10.74,10.78,10.29,1390951,1562265088,4.74,3.87,0.4,0.82
2018/4/11,10.71,11.15,11.24,10.7,2095970,2458982160,5.03,3.82,0.41,1.24
2018/4/12,11.12,10.84,11.15,10.74,1173128,1364675856,3.68,-2.78,-0.31,0.69
2018/4/13,10.96,10.89,11.11,10.77,1300256,1516155520,3.14,0.46,0.05,0.77
2018/4/16,10.79,10.42,10.79,10.35,1427073,1593706080,4.04,-4.32,-0.47,0.84
2018/4/17,10.44,10.53,10.77,10.43,1301892,1468159344,3.26,1.06,0.11,0.77
2018/4/18,10.77,10.82,10.93,10.6,1475845,1692722928,3.13,2.75,0.29,0.87
2018/4/19,10.84,10.79,11.01,10.74,849132,979593568,2.5,-0.28,-0.03,0.5
2018/4/20,10.83,10.67,10.9,10.52,958691,1090801312,3.52,-1.11,-0.12,0.57
2018/4/23,10.62,10.89,10.93,10.58,1070289,1228544000,3.28,2.06,0.22,0.63
2018/4/24,10.95,11.18,11.26,10.9,1461099,1725152192,3.31,2.66,0.29,0.86
2018/4/25,11.08,11,11.13,10.95,730286,854713248,1.61,-1.61,-0.18,0.43
2018/4/26,10.98,10.74,11.01,10.63,874236,1002483152,3.45,-2.36,-0.26,0.52
2018/4/27,10.81,10.17,10.83,9.95,2709796,2958464272,8.19,-5.31,-0.57,1.6
2018/5/2,10.29,10.2,10.35,10.12,1190523,1295804416,2.26,0.29,0.03,0.7
2018/5/3,10.18,10.07,10.2,9.89,1281356,1372765840,3.04,-1.27,-0.13,0.76
2018/5/4,10.05,10,10.15,9.98,710510,761302464,1.69,-0.7,-0.07,0.42
2018/5/7,10.02,10.13,10.15,9.96,974310,1046743104,1.9,1.3,0.13,0.58
2018/5/8,10.15,10.33,10.47,10.12,1373306,1511546688,3.46,1.97,0.2,0.81
2018/5/9,10.3,10.29,10.35,10.2,627656,687036880,1.45,-0.39,-0.04,0.37
2018/5/10,10.35,10.33,10.41,10.23,552736,607350000,1.75,0.39,0.04,0.33
2018/5/11,10.36,10.33,10.45,10.28,772370,853271168,1.65,0,0,0.46
2018/5/14,10.41,10.5,10.55,10.35,1039297,1158064208,1.94,1.65,0.17,0.61
2018/5/15,10.5,10.44,10.51,10.34,669261,742590448,1.62,-0.57,-0.06,0.4
2018/5/16,10.39,10.22,10.39,10.21,714362,782694672,1.72,-2.11,-0.22,0.42
2018/5/17,10.23,10.14,10.26,10.1,586494,635675440,1.57,-0.78,-0.08,0.35
2018/5/18,10.13,10.28,10.29,10.08,578385,628250192,2.07,1.38,0.14,0.34
2018/5/21,10.39,10.27,10.43,10.25,763534,838750576,1.75,-0.1,-0.01,0.44
2018/5/22,10.27,10.18,10.3,10.11,589872,639815248,1.85,-0.88,-0.09,0.34
2018/5/23,10.14,9.97,10.14,9.94,991016,1058587808,1.96,-2.06,-0.21,0.58
2018/5/24,9.98,9.93,10,9.9,688152,730678768,1,-0.4,-0.04,0.4
2018/5/25,9.93,9.91,9.99,9.87,593336,629735456,1.21,-0.2,-0.02,0.35
2018/5/28,9.9,9.91,9.98,9.83,569401,602590752,1.51,0,0,0.33
2018/5/29,9.9,9.7,9.95,9.67,889495,930386960,2.83,-2.12,-0.21,0.52
2018/5/30,9.61,9.4,9.61,9.37,1124447,1139918752,2.47,-3.09,-0.3,0.65
2018/5/31,9.43,9.5,9.51,9.34,987360,999216336,1.81,1.06,0.1,0.58
2018/6/1,9.47,9.51,9.61,9.39,597211,608398864,2.32,0.11,0.01,0.35
2018/6/4,9.55,9.59,9.63,9.47,593038,608291984,1.68,0.84,0.08,0.35
2018/6/5,9.61,9.58,9.62,9.43,656541,670740304,1.98,-0.1,-0.01,0.38
2018/6/6,9.57,9.46,9.58,9.42,712743,724032800,1.67,-1.25,-0.12,0.42
2018/6/7,9.52,9.69,9.78,9.5,1262638,1306425472,2.96,2.43,0.23,0.74
2018/6/8,9.65,9.44,9.65,9.38,1099380,1114968864,2.79,-2.58,-0.25,0.64
2018/6/11,9.38,9.36,9.45,9.32,721375,724688000,1.38,-0.85,-0.08,0.42
2018/6/12,9.35,9.38,9.4,9.27,913301,914001696,1.39,0.21,0.02,0.53
2018/6/13,9.36,9.27,9.38,9.27,530584,530483760,1.17,-1.17,-0.11,0.31
2018/6/14,9.27,9.39,9.47,9.24,866392,872487568,2.48,1.29,0.12,0.5
2018/6/15,9.4,9.49,9.61,9.38,1248708,1273412992,2.45,1.06,0.1,0.73
2018/6/19,9.37,9.19,9.47,9.14,1565874,1565756560,3.48,-3.16,-0.3,0.91
2018/6/20,9.19,9.23,9.27,9.08,763637,752950704,2.07,0.44,0.04,0.44
2018/6/21,9.25,9.18,9.36,9.18,840071,836014832,1.95,-0.54,-0.05,0.49
2018/6/22,9.12,9.17,9.19,9.09,657819,645752912,1.09,-0.11,-0.01,0.38
2018/6/25,9.23,8.78,9.24,8.7,1195213,1154559088,5.89,-4.25,-0.39,0.7
2018/6/26,8.71,8.68,8.76,8.41,1124157,1042528544,3.99,-1.14,-0.1,0.65
2018/6/27,8.63,8.41,8.72,8.35,1045143,958871648,4.26,-3.11,-0.27,0.61
2018/6/28,8.27,8.24,8.4,8.19,1110764,996801232,2.5,-2.02,-0.17,0.65
2018/6/29,8.33,8.41,8.45,8.28,675300,611346096,2.06,2.06,0.17,0.39
2018/7/2,8.37,7.93,8.37,7.87,1315520,1158545872,5.95,-5.71,-0.48,0.77
2018/7/3,8.01,7.99,8.02,7.77,1274839,1096657040,3.15,0.76,0.06,0.74
2018/7/4,7.95,7.93,8.07,7.93,711153,617278560,1.75,-0.75,-0.06,0.41
2018/7/5,7.94,7.92,8.05,7.87,835769,722169584,2.27,-0.13,-0.01,0.49
2018/7/6,7.93,7.98,8.1,7.77,988283,852071520,4.17,0.76,0.06,0.58
2018/7/9,8.01,8.35,8.35,8,1409955,1255007616,4.39,4.64,0.37,0.82
2018/7/10,8.34,8.3,8.34,8.21,896862,803038960,1.56,-0.6,-0.05,0.52
2018/7/11,8.08,8.1,8.15,8,851297,744765824,1.81,-2.41,-0.2,0.5
2018/7/12,8.06,8.34,8.43,8.04,1140492,1008658832,4.81,2.96,0.24,0.66
2018/7/13,8.38,8.34,8.4,8.28,603378,535401168,1.44,0,0,0.35
2018/7/16,8.31,8.19,8.36,8.15,689846,603427712,2.52,-1.8,-0.15,0.4
2018/7/17,8.2,8.18,8.21,8.12,375356,326396992,1.1,-0.12,-0.01,0.22
2018/7/18,8.21,8.16,8.31,8.15,525153,460697376,1.96,-0.24,-0.02,0.31
2018/7/19,8.21,8.19,8.27,8.15,461372,403674304,1.47,0.37,0.03,0.27
2018/7/20,8.19,8.57,8.66,8.07,1754277,1576843936,7.2,4.64,0.38,1.02
2018/7/23,8.5,8.88,8.91,8.46,1781688,1646028016,5.25,3.62,0.31,1.04
2018/7/24,8.85,8.86,9.05,8.79,1425894,1348746832,2.93,-0.23,-0.02,0.83
2018/7/25,8.9,8.84,8.93,8.79,614123,575752176,1.58,-0.23,-0.02,0.36
2018/7/26,8.86,8.71,8.94,8.67,833358,778429760,3.05,-1.47,-0.13,0.49
2018/7/27,8.76,8.71,8.82,8.64,515126,477527424,2.07,0,0,0.3
2018/7/30,8.78,8.85,8.95,8.72,706386,661767552,2.64,1.61,0.14,0.41
2018/7/31,8.83,8.88,8.95,8.71,720151,674484656,2.71,0.34,0.03,0.42
2018/8/1,8.88,8.61,8.96,8.57,814082,759282224,4.39,-3.04,-0.27,0.47
2018/8/2,8.59,8.4,8.61,8.34,931401,839272256,3.14,-2.44,-0.21,0.54
2018/8/3,8.39,8.37,8.56,8.37,476547,428641520,2.26,-0.36,-0.03,0.28
2018/8/6,8.4,8.4,8.57,8.35,554010,497906688,2.63,0.36,0.03,0.32
2018/8/7,8.42,8.63,8.63,8.34,690423,624359664,3.45,2.74,0.23,0.4
2018/8/8,8.62,8.51,8.62,8.5,578953,527526992,1.39,-1.39,-0.12,0.34
2018/8/9,8.5,8.75,8.81,8.48,806784,746469808,3.88,2.82,0.24,0.47
2018/8/10,8.76,8.69,8.78,8.62,424168,391366336,1.83,-0.69,-0.06,0.25
2018/8/13,8.58,8.51,8.62,8.36,818491,736947792,2.99,-2.07,-0.18,0.48
2018/8/14,8.49,8.46,8.5,8.4,430240,386334624,1.18,-0.59,-0.05,0.25
2018/8/15,8.48,8.25,8.48,8.21,670443,594759520,3.19,-2.48,-0.21,0.39
2018/8/16,8.19,8.24,8.35,8.1,638273,559523120,3.03,-0.12,-0.01,0.37
2018/8/17,8.34,8.27,8.4,8.24,649477,576683264,1.94,0.36,0.03,0.38
2018/8/20,8.36,8.46,8.48,8.33,681322,609934720,1.81,2.3,0.19,0.4
2018/8/21,8.48,8.69,8.72,8.47,1264474,1163292800,2.96,2.72,0.23,0.74
2018/8/22,8.7,8.75,8.8,8.59,982434,909598736,2.42,0.69,0.06,0.57
2018/8/23,8.76,8.82,8.88,8.69,729075,680941392,2.17,0.8,0.07,0.42
2018/8/24,8.77,9.49,9.74,8.75,3040408,2995071984,11.22,7.6,0.67,1.77
2018/8/27,9.48,9.89,9.89,9.43,2218424,2251527728,4.85,4.21,0.4,1.29
2018/8/28,9.8,9.75,9.89,9.7,1289777,1331917856,1.92,-1.42,-0.14,0.75
2018/8/29,9.71,9.73,9.79,9.61,901883,923581552,1.85,-0.21,-0.02,0.53
2018/8/30,9.73,9.58,9.81,9.54,994918,1013877520,2.77,-1.54,-0.15,0.58
2018/8/31,9.59,9.59,9.78,9.56,1310865,1337898864,2.3,0.1,0.01,0.76
2018/9/3,9.55,9.65,9.76,9.55,711696,725303296,2.19,0.63,0.06,0.41
2018/9/4,9.66,9.89,10.01,9.53,1296342,1339756560,4.97,2.49,0.24,0.75
2018/9/5,9.76,9.51,9.79,9.51,1179453,1202345696,2.83,-3.84,-0.38,0.69
2018/9/6,9.51,9.43,9.6,9.41,711778,713975744,2,-0.84,-0.08,0.41
2018/9/7,9.5,9.47,9.64,9.39,809035,815151728,2.65,0.42,0.04,0.47
2018/9/10,9.47,9.34,9.53,9.3,636989,631174176,2.43,-1.37,-0.13,0.37
2018/9/11,9.36,9.37,9.49,9.27,712968,707337568,2.36,0.32,0.03,0.42
2018/9/12,9.33,9.34,9.43,9.28,564829,558399568,1.6,-0.32,-0.03,0.33
2018/9/13,9.55,9.42,9.56,9.3,999726,993389968,2.78,0.86,0.08,0.58
2018/9/14,9.44,9.3,9.44,9.27,619750,611422480,1.8,-1.27,-0.12,0.36
2018/9/17,9.26,9.15,9.26,9.14,517082,502609648,1.29,-1.61,-0.15,0.3
2018/9/18,9.19,9.54,9.58,9.16,1126807,1120867536,4.59,4.26,0.39,0.66
2018/9/19,9.49,9.7,9.8,9.49,1231549,1257191504,3.25,1.68,0.16,0.72
2018/9/20,9.73,9.69,9.82,9.65,620348,636742816,1.75,-0.1,-0.01,0.36
2018/9/21,9.72,10.13,10.16,9.64,1624518,1707850480,5.37,4.54,0.44,0.95
2018/9/25,9.98,10.01,10.14,9.94,977015,1030715792,1.97,-1.18,-0.12,0.57
2018/9/26,10.07,10.17,10.38,9.98,1490513,1600626208,4,1.6,0.16,0.87
2018/9/27,10.11,10.2,10.3,10.03,880363,942200400,2.65,0.29,0.03,0.51
2018/9/28,10.24,10.51,10.73,10.24,2110243,2331358288,4.8,3.04,0.31,1.23
2018/10/8,10.16,9.91,10.25,9.91,1686359,1793455280,3.24,-5.71,-0.6,0.98
2018/10/9,9.92,10.02,10.16,9.85,1064084,1117946544,3.13,1.11,0.11,0.62
2018/10/10,10,9.91,10.12,9.84,995200,1045666176,2.79,-1.1,-0.11,0.58
2018/10/11,9.51,9.32,9.62,9.16,1995144,1994186608,4.64,-5.95,-0.59,1.16
2018/10/12,9.43,9.76,9.8,9.33,1516810,1532651408,5.04,4.72,0.44,0.88
2018/10/15,9.85,9.57,9.93,9.55,1402685,1443043056,3.89,-1.95,-0.19,0.82
2018/10/16,9.6,9.83,10,9.58,1396921,1450020368,4.39,2.72,0.26,0.81
2018/10/17,9.96,9.79,10.01,9.6,1350890,1400306336,4.17,-0.41,-0.04,0.79
2018/10/18,9.75,9.55,9.75,9.52,1001156,1015654816,2.35,-2.45,-0.24,0.58
2018/10/19,9.41,10.22,10.24,9.38,2083667,2173571248,9.01,7.02,0.67,1.21
2018/10/22,10.27,10.61,10.92,10.24,2645543,2932714464,6.65,3.82,0.39,1.54
2018/10/23,10.66,10.3,10.68,10.19,1602546,1759265952,4.62,-2.92,-0.31,0.93
2018/10/24,10.36,10.5,10.79,10.26,1829425,2026171904,5.15,1.94,0.2,1.07
2018/10/25,10.26,10.75,10.75,10.17,1685011,1855823744,5.52,2.38,0.25,0.98
2018/10/26,10.75,10.64,10.77,10.42,1299975,1448843520,3.26,-1.02,-0.11,0.76
2018/10/29,10.66,10.21,10.7,10.08,1591629,1725932496,5.83,-4.04,-0.43,0.93
2018/10/30,10.24,10.36,10.54,10.19,1501828,1641371792,3.43,1.47,0.15,0.87
2018/10/31,10.41,10.37,10.45,10.21,1152684,1252156768,2.32,0.1,0.01,0.67
2018/11/1,10.45,10.29,10.51,10.22,1542776,1679443456,2.8,-0.77,-0.08,0.9
2018/11/2,10.5,10.55,10.62,10.29,2212923,2439179136,3.21,2.53,0.26,1.29
2018/11/5,10.41,10.38,10.5,10.28,1291924,1409457168,2.09,-1.61,-0.17,0.75
2018/11/6,10.33,10.3,10.39,10.19,735726,795322640,1.93,-0.77,-0.08,0.43
2018/11/7,10.29,10.27,10.41,10.21,785597,851487056,1.94,-0.29,-0.03,0.46
2018/11/8,10.34,10.35,10.43,10.28,793976,864744240,1.46,0.78,0.08,0.46
2018/11/9,10.17,10.01,10.19,9.86,1629269,1716198384,3.19,-3.29,-0.34,0.95
2018/11/12,9.92,10.02,10.04,9.84,920334,965756512,2,0.1,0.01,0.54
2018/11/13,9.87,10,10.11,9.84,1072498,1126736144,2.69,-0.2,-0.02,0.62
2018/11/14,9.99,9.9,10.01,9.88,774240,810357744,1.3,-1,-0.1,0.45
2018/11/15,9.9,10.08,10.1,9.88,901462,949991808,2.22,1.82,0.18,0.53
2018/11/16,10.07,10.03,10.18,9.95,1059593,1123173216,2.28,-0.5,-0.05,0.62
2018/11/19,10.03,10.31,10.34,10.03,1360887,1466899424,3.09,2.79,0.28,0.79
2018/11/20,10.21,10.03,10.26,9.98,1033878,1099654688,2.72,-2.72,-0.28,0.6
2018/11/21,9.96,10.07,10.13,9.94,666157,705638352,1.89,0.4,0.04,0.39
2018/11/22,10.13,10.01,10.13,9.94,500268,527103280,1.89,-0.6,-0.06,0.29
2018/11/23,9.99,9.78,10.04,9.77,700358,730667664,2.7,-2.3,-0.23,0.41
2018/11/26,9.8,9.8,9.92,9.76,516569,535963344,1.64,0.2,0.02,0.3
2018/11/27,9.81,9.64,9.85,9.62,733448,752824128,2.35,-1.63,-0.16,0.43
2018/11/28,9.63,9.74,9.77,9.62,537751,550820240,1.56,1.04,0.1,0.31
2018/11/29,9.81,9.66,9.85,9.65,485284,499068832,2.05,-0.82,-0.08,0.28
2018/11/30,9.68,9.82,9.82,9.63,594715,610571536,1.97,1.66,0.16,0.35
2018/12/3,10.05,10.05,10.12,9.93,1064097,1126374832,1.93,2.34,0.23,0.62
2018/12/4,10.03,10.05,10.08,9.99,534813,565743744,0.9,0,0,0.31
2018/12/5,9.95,9.91,9.97,9.86,581545,608133296,1.09,-1.39,-0.14,0.34
2018/12/6,9.82,9.71,9.83,9.69,578866,594649680,1.41,-2.02,-0.2,0.34
2018/12/7,9.76,9.74,9.85,9.73,340216,351101376,1.24,0.31,0.03,0.2
2018/12/10,9.68,9.63,9.73,9.59,494819,504040656,1.44,-1.13,-0.11,0.29
2018/12/11,9.67,9.69,9.72,9.63,299090,305389216,0.93,0.62,0.06,0.17
2018/12/12,9.76,9.7,9.78,9.66,366379,375402864,1.24,0.1,0.01,0.21
2018/12/13,9.71,9.85,9.94,9.66,790845,819920688,2.89,1.55,0.15,0.46
2018/12/14,9.8,9.63,9.81,9.62,526675,539263008,1.93,-2.23,-0.22,0.31
2018/12/17,9.62,9.75,9.79,9.56,571275,584679520,2.39,1.25,0.12,0.33
2018/12/18,9.66,9.58,9.78,9.56,537744,547157568,2.26,-1.74,-0.17,0.31
2018/12/19,9.6,9.4,9.64,9.36,598007,600090176,2.92,-1.88,-0.18,0.35
2018/12/20,9.38,9.17,9.43,9.09,990285,964202864,3.62,-2.45,-0.23,0.58
2018/12/21,9.14,8.91,9.16,8.79,1000617,944460336,4.03,-2.84,-0.26,0.58
2018/12/24,8.86,8.88,8.91,8.77,509118,477186912,1.57,-0.34,-0.03,0.3
2018/12/25,8.75,8.8,8.89,8.67,586615,545235600,2.48,-0.9,-0.08,0.34
2018/12/26,8.81,8.76,8.88,8.73,421141,393215136,1.7,-0.45,-0.04,0.25
2018/12/27,8.91,8.74,8.95,8.74,624593,586343760,2.4,-0.23,-0.02,0.36
2018/12/28,8.77,8.84,8.92,8.77,576604,541571008,1.72,1.14,0.1,0.34
2019/1/2,8.85,8.65,8.88,8.62,539386,498695104,2.94,-2.15,-0.19,0.31
2019/1/3,8.64,8.74,8.79,8.61,415538,384457712,2.08,1.04,0.09,0.24
2019/1/4,8.7,9.21,9.28,8.68,1481159,1422149888,6.86,5.38,0.47,0.86
2019/1/7,9.3,9.2,9.31,9.09,865688,841166432,2.39,-0.11,-0.01,0.5
2019/1/8,9.19,9.12,9.2,9.08,402388,389247792,1.3,-0.87,-0.08,0.23
2019/1/9,9.2,9.4,9.54,9.16,1233486,1229465120,4.17,3.07,0.28,0.72
2019/1/10,9.33,9.56,9.66,9.32,1071818,1079711040,3.62,1.7,0.16,0.62
2019/1/11,9.57,9.66,9.68,9.51,696365,708001808,1.78,1.05,0.1,0.41
2019/1/14,9.68,9.57,9.71,9.53,500444,507862880,1.86,-0.93,-0.09,0.29
2019/1/15,9.57,9.7,9.74,9.55,542161,553027312,1.99,1.36,0.13,0.32
2019/1/16,9.7,9.94,9.96,9.69,977699,1017495120,2.78,2.47,0.24,0.57
2019/1/17,10,9.71,10.03,9.63,882812,910212064,4.02,-2.31,-0.23,0.51
2019/1/18,9.8,9.89,9.95,9.74,738793,769973632,2.16,1.85,0.18,0.43
2019/1/21,9.8,9.8,9.93,9.78,659356,684465648,1.52,-0.91,-0.09,0.38
2019/1/22,9.8,9.74,9.9,9.72,424414,438991456,1.84,-0.61,-0.06,0.25
2019/1/23,9.75,9.81,9.93,9.75,537877,559384400,1.85,0.72,0.07,0.31
2019/1/24,9.86,9.98,10.01,9.83,679241,711495712,1.83,1.73,0.17,0.4
2019/1/25,10.02,10.46,10.5,10.01,2108362,2299718224,4.91,4.81,0.48,1.23
2019/1/28,10.5,10.4,10.6,10.34,1035910,1141853840,2.49,-0.57,-0.06,0.6
2019/1/29,10.42,10.46,10.53,10.23,826631,904847856,2.88,0.58,0.06,0.48
2019/1/30,10.41,10.41,10.64,10.32,712001,785204576,3.06,-0.48,-0.05,0.41
2019/1/31,10.44,10.56,10.66,10.4,831623,922602880,2.5,1.44,0.15,0.48
2019/2/1,10.66,10.66,10.71,10.42,1014270,1127216192,2.75,0.95,0.1,0.59
2019/2/11,10.54,10.67,10.67,10.43,801937,889951536,2.25,0.09,0.01,0.47
2019/2/12,10.66,10.65,10.77,10.49,959937,1071873088,2.62,-0.19,-0.02,0.56
2019/2/13,10.65,10.84,10.87,10.58,1137366,1280182096,2.72,1.78,0.19,0.66
2019/2/14,10.76,10.71,10.79,10.65,869185,977818096,1.29,-1.2,-0.13,0.51
2019/2/15,10.69,10.41,10.69,10.36,1100127,1213914432,3.08,-2.8,-0.3,0.64
2019/2/18,10.51,10.82,10.82,10.5,1255522,1408279680,3.07,3.94,0.41,0.73
2019/2/19,10.82,10.73,11.08,10.7,1270882,1445281376,3.51,-0.83,-0.09,0.74
2019/2/20,10.79,10.87,10.99,10.71,832630,949430816,2.61,1.3,0.14,0.48
2019/2/21,10.84,10.82,11.01,10.74,754246,860591072,2.48,-0.46,-0.05,0.44
2019/2/22,10.81,11,11.03,10.61,1184048,1343020336,3.88,1.66,0.18,0.69
2019/2/25,11.16,12.01,12.1,11.03,2824935,3415946864,9.73,9.18,1.01,1.65
2019/2/26,12.01,11.66,12.03,11.61,2017545,2485673360,3.5,-2.91,-0.35,1.18
2019/2/27,11.7,11.86,12.12,11.61,1979014,2454404416,4.37,1.72,0.2,1.15
2019/2/28,11.9,11.82,12.07,11.73,1113100,1383110816,2.87,-0.34,-0.04,0.65
2019/3/1,11.94,12.22,12.24,11.66,1712679,2137669552,4.91,3.38,0.4,1
2019/3/4,12.16,12.45,12.84,12.08,2456830,3195011696,6.22,1.88,0.23,1.43
2019/3/5,12.37,12.52,12.75,12.3,1408422,1838251664,3.61,0.56,0.07,0.82
2019/3/6,12.52,12.54,12.61,12.3,1245760,1614670976,2.48,0.16,0.02,0.73
2019/3/7,12.52,12.2,12.52,12.01,1782057,2274151008,4.07,-2.71,-0.34,1.04
2019/3/8,11.95,11.76,12.16,11.71,1778162,2214572416,3.69,-3.61,-0.44,1.04
2019/3/11,11.76,11.78,11.95,11.51,1157651,1416000384,3.74,0.17,0.02,0.67
2019/3/12,11.95,11.82,12.1,11.7,1411795,1757797248,3.4,0.34,0.04,0.82
2019/3/13,11.8,11.83,12.01,11.59,1269427,1568387536,3.55,0.08,0.01,0.74
2019/3/14,11.79,11.89,12.08,11.73,1057468,1316372928,2.96,0.51,0.06,0.62
2019/3/15,11.8,11.96,12.14,11.8,1045406,1311323008,2.86,0.59,0.07,0.61
2019/3/18,11.99,12.37,12.4,11.78,1486455,1882483632,5.18,3.43,0.41,0.87
2019/3/19,12.38,12.25,12.4,12.07,957196,1221118288,2.67,-0.97,-0.12,0.56
2019/3/20,12.14,12.21,12.34,12.08,929996,1185477056,2.12,-0.33,-0.04,0.54
2019/3/21,12.23,12.15,12.26,12.04,860141,1092506480,1.8,-0.49,-0.06,0.5
2019/3/22,12.15,12.05,12.2,11.96,713502,898629424,1.98,-0.82,-0.1,0.42
2019/3/25,11.86,11.57,11.86,11.56,1179883,1445560160,2.49,-3.98,-0.48,0.69
2019/3/26,11.69,11.56,11.75,11.47,935393,1136721264,2.42,-0.09,-0.01,0.54
2019/3/27,11.7,11.84,11.93,11.64,922827,1138302656,2.51,2.42,0.28,0.54
2019/3/28,11.77,11.68,11.77,11.56,732467,892530624,1.77,-1.35,-0.16,0.43
2019/3/29,11.72,12.28,12.28,11.67,1669506,2108295392,5.22,5.14,0.6,0.97
2019/4/1,12.29,12.64,13.01,12.29,1951401,2588268672,5.86,2.93,0.36,1.14
2019/4/2,12.74,12.82,12.94,12.69,1100384,1466040992,1.98,1.42,0.18,0.64
2019/4/3,12.67,12.9,12.91,12.61,792916,1056166224,2.34,0.62,0.08,0.46
2019/4/4,12.89,13.32,13.46,12.89,2034365,2796366352,4.42,3.26,0.42,1.18
2019/4/8,13.36,13.42,13.89,13.18,1743176,2464536240,5.33,0.75,0.1,1.02
2019/4/9,13.33,13.27,13.44,13.21,781332,1080549200,1.71,-1.12,-0.15,0.46
2019/4/10,13.21,13.19,13.34,12.86,947135,1289475600,3.62,-0.6,-0.08,0.55
2019/4/11,13.19,13,13.42,12.95,655357,897382240,3.56,-1.44,-0.19,0.38
2019/4/12,12.95,12.88,13.05,12.67,774325,1035139680,2.92,-0.92,-0.12,0.45
2019/4/15,13.18,13.15,13.55,13.12,1533891,2134708976,3.34,2.1,0.27,0.89
2019/4/16,13.13,14.04,14.04,13.01,2379375,3379550304,7.83,6.77,0.89,1.39
2019/4/17,13.88,13.81,14.05,13.69,1004110,1443493488,2.56,-1.64,-0.23,0.58
2019/4/18,13.76,13.8,13.83,13.57,507045,721908800,1.88,-0.07,-0.01,0.3
2019/4/19,13.91,14.19,14.26,13.76,1246036,1814875936,3.62,2.83,0.39,0.73
2019/4/22,14.06,13.61,14.3,13.54,1322274,1899850000,5.36,-4.09,-0.58,0.77
2019/4/23,13.56,13.53,13.66,13.43,940687,1326465632,1.69,-0.59,-0.08,0.55
2019/4/24,13.91,13.9,14.06,13.62,1949724,2811131024,3.25,2.73,0.37,1.14
2019/4/25,13.84,13.59,14.1,13.59,1111476,1597895216,3.67,-2.23,-0.31,0.65
2019/4/26,13.54,13.25,13.71,13.16,1009421,1407987360,4.05,-2.5,-0.34,0.59
2019/4/29,13.36,13.56,13.79,13.32,1030696,1450714128,3.55,2.34,0.31,0.6
2019/4/30,13.45,13.31,13.51,13.05,1116570,1542958576,3.39,-1.84,-0.25,0.65
2019/5/6,12.56,12.33,12.81,12.17,2108668,2742409408,4.81,-7.36,-0.98,1.23
2019/5/7,12.49,12.41,12.55,12.18,1072658,1386247072,3,0.65,0.08,0.62
2019/5/8,12.18,12.06,12.37,11.96,975451,1236655984,3.3,-2.82,-0.35,0.57
2019/5/9,11.98,11.62,12.04,11.51,1557152,1904905488,4.39,-3.65,-0.44,0.91
2019/5/10,11.8,12.14,12.21,11.56,1192399,1489975632,5.59,4.48,0.52,0.69
2019/5/13,11.79,11.76,12,11.69,741918,916213712,2.55,-3.13,-0.38,0.43
2019/5/14,11.66,11.95,12.21,11.62,1182598,1477008368,5.02,1.62,0.19,0.69
2019/5/15,12.04,12.38,12.57,12.03,1103989,1417050112,4.52,3.6,0.43,0.64
2019/5/16,12.39,12.31,12.45,12.24,634901,816740928,1.7,-0.57,-0.07,0.37
2019/5/17,12.38,11.9,12.39,11.82,965001,1208569904,4.63,-3.33,-0.41,0.56
2019/5/20,11.81,11.84,12,11.71,786435,971222480,2.44,-0.5,-0.06,0.46
2019/5/21,11.86,12.02,12.19,11.82,731211,919191248,3.13,1.52,0.18,0.43
2019/5/22,12.03,11.86,12.03,11.78,506231,628437472,2.08,-1.33,-0.16,0.29
2019/5/23,11.7,11.75,11.88,11.6,666855,817850528,2.36,-0.93,-0.11,0.39
2019/5/24,11.81,11.81,11.91,11.77,495526,613106256,1.19,0.51,0.06,0.29
2019/5/27,11.67,11.83,11.88,11.39,1048426,1275632720,4.15,0.17,0.02,0.61
2019/5/28,11.77,11.95,12.01,11.72,880703,1094063184,2.45,1.01,0.12,0.51
2019/5/29,11.82,11.86,12.05,11.72,666412,827828656,2.76,-0.75,-0.09,0.39
2019/5/30,11.78,11.68,11.84,11.57,646285,787801008,2.28,-1.52,-0.18,0.38
2019/5/31,11.62,11.64,11.86,11.57,686794,839375712,2.48,-0.34,-0.04,0.4
2019/6/3,11.68,11.36,11.79,11.28,1512719,1816591872,4.38,-2.41,-0.28,0.88
2019/6/4,11.35,11.31,11.4,11.06,974655,1147709584,2.99,-0.44,-0.05,0.57
2019/6/5,11.43,11.43,11.6,11.38,748892,899331712,1.95,1.06,0.12,0.44
2019/6/6,11.43,11.38,11.53,11.35,433665,519425120,1.57,-0.44,-0.05,0.25
2019/6/10,11.47,11.8,11.93,11.44,1144669,1404223616,4.31,3.69,0.42,0.67
2019/6/11,11.8,12.11,12.18,11.76,1251088,1574105216,3.56,2.63,0.31,0.73
2019/6/12,12.09,12.03,12.12,11.9,657310,825178000,1.82,-0.66,-0.08,0.38
2019/6/13,12,12.05,12.14,11.89,530000,666277696,2.08,0.17,0.02,0.31
2019/6/14,12.05,11.95,12.15,11.91,483192,606815216,1.99,-0.83,-0.1,0.28
2019/6/17,11.94,12.13,12.25,11.94,619816,786223584,2.59,1.51,0.18,0.36
2019/6/18,12.13,12.26,12.31,12.05,483555,616237568,2.14,1.07,0.13,0.28
2019/6/19,12.75,12.53,12.85,12.47,1143226,1504997840,3.1,2.2,0.27,0.67
2019/6/20,12.63,13.26,13.41,12.58,1529191,2083209232,6.62,5.83,0.73,0.89
2019/6/21,13.22,13.1,13.33,13.04,1011129,1384099584,2.19,-1.21,-0.16,0.59
2019/6/24,13.15,13.15,13.29,13.07,659573,904433344,1.68,0.38,0.05,0.38
2019/6/25,13.18,12.89,13.18,12.53,1469227,1954855792,4.94,-1.98,-0.26,0.86
2019/6/26,12.87,12.97,13.1,12.79,546505,731207280,2.4,0.62,0.08,0.32
2019/6/27,13.1,13.31,13.45,13.05,925075,1270042464,3.08,2.62,0.34,0.54
2019/6/28,13.33,13.38,13.39,13.18,498094,682679968,1.58,0.53,0.07,0.29
2019/7/1,13.61,13.53,13.78,13.47,960636,1347792880,2.32,1.12,0.15,0.56
2019/7/2,13.48,13.78,13.84,13.46,1052745,1481211360,2.81,1.85,0.25,0.61
2019/7/3,13.78,13.61,13.81,13.47,769078,1076744400,2.47,-1.23,-0.17,0.45
2019/7/4,13.61,13.59,13.88,13.48,621293,873624288,2.94,-0.15,-0.02,0.36
2019/7/5,13.55,13.52,13.58,13.29,749196,1037357168,2.13,-0.52,-0.07,0.44
2019/7/8,13.42,13.19,13.48,13.05,778414,1061095712,3.18,-2.44,-0.33,0.45
2019/7/9,13.23,13.19,13.31,13.04,494296,670391728,2.05,0,0,0.29
2019/7/10,13.21,13.16,13.3,13.09,358221,487071872,1.59,-0.23,-0.03,0.21
2019/7/11,13.28,13.14,13.38,13.13,484183,660588304,1.9,-0.15,-0.02,0.28
2019/7/12,13.2,13.72,13.83,13.18,1465367,2055749888,4.95,4.41,0.58,0.85
2019/7/15,13.63,13.6,13.72,13.44,841283,1175798112,2.04,-0.87,-0.12,0.49
2019/7/16,13.57,13.35,13.59,13.31,722781,998151584,2.06,-1.84,-0.25,0.42
2019/7/17,13.3,13.29,13.41,13.21,410021,561944448,1.5,-0.45,-0.06,0.24
2019/7/18,13.25,13.27,13.41,13.16,422826,578067488,1.88,-0.15,-0.02,0.25
2019/7/19,13.34,13.59,13.68,13.28,866391,1207316528,3.01,2.41,0.32,0.5
2019/7/22,13.56,13.45,13.62,13.36,582283,807249424,1.91,-1.03,-0.14,0.34
2019/7/23,13.46,13.36,13.47,13.25,504004,692328448,1.64,-0.67,-0.09,0.29
2019/7/24,13.47,13.48,13.61,13.39,570276,793387776,1.65,0.9,0.12,0.33
2019/7/25,13.52,13.8,13.87,13.45,1087826,1534889648,3.12,2.37,0.32,0.63
2019/7/26,13.78,13.83,13.85,13.68,635306,901074112,1.23,0.22,0.03,0.37
2019/7/29,13.85,13.89,14.05,13.78,715576,1023261760,1.95,0.43,0.06,0.42
2019/7/30,13.91,13.97,14.15,13.89,796634,1148582416,1.87,0.58,0.08,0.46
2019/7/31,13.9,13.73,13.92,13.68,634723,899227872,1.72,-1.72,-0.24,0.37
2019/8/1,13.66,13.7,13.79,13.54,527981,742308288,1.82,-0.22,-0.03,0.31
2019/8/2,13.37,13.34,13.48,13.26,969926,1333400768,1.61,-2.63,-0.36,0.56
2019/8/5,13.2,12.95,13.24,12.87,893082,1201885392,2.77,-2.92,-0.39,0.52
2019/8/6,12.7,12.97,13.06,12.63,882499,1166971472,3.32,0.15,0.02,0.51
2019/8/7,13.09,13.14,13.24,12.97,793039,1070736944,2.08,1.31,0.17,0.46
2019/8/8,13.5,13.98,14.1,13.45,2330715,3313302096,4.95,6.39,0.84,1.36
2019/8/9,14.15,14.12,14.45,14.03,2060575,3021884304,3,1,0.14,1.2
2019/8/12,14.21,14.72,14.72,14.2,2733425,4084497904,3.68,4.25,0.6,1.59
2019/8/13,14.6,14.49,14.68,14.34,1293736,1925835296,2.31,-1.56,-0.23,0.75
2019/8/14,14.74,14.57,14.82,14.4,1360547,2038261152,2.9,0.55,0.08,0.79
2019/8/15,14.24,14.54,14.56,14.2,897376,1333117728,2.47,-0.21,-0.03,0.52
2019/8/16,14.69,14.5,14.74,14.38,986903,1474900256,2.48,-0.28,-0.04,0.57
2019/8/19,14.51,14.52,14.54,14.12,2292956,3368207936,2.9,0.14,0.02,1.34
2019/8/20,14.52,14.59,14.8,14.37,1921042,2872304208,2.96,0.48,0.07,1.12
2019/8/21,14.47,14.05,14.49,13.98,1990132,2902251104,3.5,-3.7,-0.54,1.16
2019/8/22,14,13.91,14.05,13.8,1353072,1935208496,1.78,-1,-0.14,0.79
2019/8/23,13.97,14.25,14.34,13.95,1636868,2388239088,2.8,2.44,0.34,0.95
2019/8/26,14.02,13.85,14.1,13.75,1415123,2018498032,2.46,-2.81,-0.4,0.82
2019/8/27,13.96,13.91,14.08,13.84,1356713,1948127120,1.73,0.43,0.06,0.79
2019/8/28,13.86,13.87,13.88,13.65,829658,1176329088,1.65,-0.29,-0.04,0.48
2019/8/29,13.82,13.73,13.84,13.68,609034,861177488,1.15,-1.01,-0.14,0.35
2019/8/30,13.89,13.76,13.99,13.7,798501,1136119664,2.11,0.22,0.03,0.47
2019/9/2,13.75,14.05,14.1,13.71,1360201,1955673136,2.83,2.11,0.29,0.79
2019/9/3,14.08,13.9,14.11,13.85,858654,1230606480,1.85,-1.07,-0.15,0.5
2019/9/4,13.92,14.04,14.1,13.91,973965,1404037296,1.37,1.01,0.14,0.57
2019/9/5,14.16,14.18,14.45,14.15,1768051,2599478256,2.14,1,0.14,1.03
2019/9/6,14.31,14.41,14.41,14.22,986433,1451264912,1.34,1.62,0.23,0.57
2019/9/9,14.58,14.29,14.6,14.2,1299839,1918042304,2.78,-0.83,-0.12,0.76
2019/9/10,14.2,14.15,14.24,14.01,796871,1155180736,1.61,-0.98,-0.14,0.46
2019/9/11,14.2,14.16,14.31,14.06,818614,1192674256,1.77,0.07,0.01,0.48
2019/9/12,14.26,14.28,14.38,14.13,1150688,1682911856,1.77,0.85,0.12,0.61
2019/9/16,14.3,14.05,14.32,14,929894,1349401488,2.24,-1.61,-0.23,0.49
2019/9/17,13.96,13.84,14.05,13.78,882656,1261416560,1.92,-1.49,-0.21,0.47
2019/9/18,13.84,14.01,14.08,13.84,820436,1179079984,1.73,1.23,0.17,0.42
2019/9/19,14.08,14.44,14.49,14.08,1884021,2777383504,2.93,3.07,0.43,0.97
2019/9/20,14.55,14.94,15,14.53,2644285,4020646528,3.25,3.46,0.5,1.36
2019/9/23,14.94,14.98,15.07,14.78,1403282,2148740448,1.94,0.27,0.04,0.72
2019/9/24,15.07,14.78,15.14,14.78,1129103,1726238272,2.4,-1.34,-0.2,0.58
2019/9/25,14.8,15.35,15.45,14.79,1938893,3024598928,4.47,3.86,0.57,1
2019/9/26,15.46,15.31,15.64,15.26,1686593,2673096944,2.48,-0.26,-0.04,0.87
2019/9/27,15.45,15.5,15.6,15.3,1007706,1598567056,1.96,1.24,0.19,0.52
2019/9/30,15.35,15.19,15.49,15.17,1046363,1645828528,2.06,-2,-0.31,0.54
2019/10/8,15.2,15.8,15.83,15.2,1386676,2225024592,4.15,4.02,0.61,0.71
2019/10/9,15.7,15.85,16.12,15.62,1316693,2145061760,3.16,0.32,0.05,0.68
2019/10/10,15.87,15.84,15.87,15.59,879747,1418751872,1.77,-0.06,-0.01,0.45
2019/10/11,15.8,16.41,16.55,15.8,1405423,2335030592,4.73,3.6,0.57,0.72
2019/10/14,16.57,16.82,17.2,16.52,1557637,2688929552,4.14,2.5,0.41,0.8
2019/10/15,16.85,16.78,16.95,16.42,881955,1503633376,3.15,-0.24,-0.04,0.45
2019/10/16,16.86,16.39,17.04,16.23,1267671,2146150624,4.83,-2.32,-0.39,0.65
2019/10/17,16.5,16.3,16.6,16.15,1126182,1887045616,2.75,-0.55,-0.09,0.58
2019/10/18,16.4,16.11,16.64,16.03,1196799,1999012672,3.74,-1.17,-0.19,0.62
2019/10/21,16.03,16.49,16.57,16.03,945952,1589276080,3.35,2.36,0.38,0.49
2019/10/22,16.51,16.02,16.53,15.63,1883531,3072547168,5.46,-2.85,-0.47,0.97
2019/10/23,15.92,16.05,16.27,15.83,967535,1590781968,2.75,0.19,0.03,0.5
2019/10/24,16.1,16.47,16.6,16.04,1109215,1861032912,3.49,2.62,0.42,0.57
2019/10/25,16.38,16.48,16.56,16.18,691436,1161100080,2.31,0.06,0.01,0.36
2019/10/28,16.58,16.26,16.64,16.08,1070131,1780873360,3.4,-1.33,-0.22,0.55
2019/10/29,16.29,16.51,16.53,16.16,788865,1322036352,2.28,1.54,0.25,0.41
2019/10/30,16.4,16.03,16.56,16.02,854317,1420644944,3.27,-2.91,-0.48,0.44
2019/10/31,16.02,15.86,16.07,15.84,862569,1407006432,1.43,-1.06,-0.17,0.44
2019/11/1,15.95,16.46,16.6,15.88,1254655,2096068960,4.54,3.78,0.6,0.65
2019/11/4,16.58,16.52,16.85,16.37,889824,1507910816,2.92,0.36,0.06,0.46
2019/11/5,16.4,16.75,17.04,16.39,1172486,2010924192,3.93,1.39,0.23,0.6
2019/11/6,16.66,16.56,16.86,16.48,863325,1470233504,2.27,-1.13,-0.19,0.44
2019/11/7,16.53,16.49,16.67,16.35,711897,1200671648,1.93,-0.42,-0.07,0.37
2019/11/8,16.58,16.25,16.62,16.24,849139,1421088320,2.3,-1.46,-0.24,0.44
2019/11/11,16.1,15.88,16.13,15.8,953516,1556517248,2.03,-2.28,-0.37,0.49
2019/11/12,15.89,15.93,15.97,15.76,516266,840769280,1.32,0.31,0.05,0.27
2019/11/13,15.89,15.93,16.06,15.66,655121,1067975600,2.51,0,0,0.34
2019/11/14,16.03,15.92,16.08,15.85,468900,767006336,1.44,-0.06,-0.01,0.24
2019/11/15,15.99,15.94,16.15,15.84,569228,933539568,1.95,0.13,0.02,0.29
2019/11/18,15.95,16.05,16.15,15.83,557918,915983936,2.01,0.69,0.11,0.29
2019/11/19,16.05,16.01,16.08,15.91,562120,920998208,1.06,-0.25,-0.04,0.29
2019/11/20,15.9,15.45,15.9,15.37,1724384,2747598384,3.31,-3.5,-0.56,0.89
2019/11/21,15.35,15.46,15.47,15.23,772563,1218516400,1.55,0.06,0.01,0.4
2019/11/22,15.49,15.19,15.52,15.15,773474,1216064544,2.39,-1.75,-0.27,0.4
2019/11/25,15.24,15.4,15.44,15.14,783258,1233388880,1.97,1.38,0.21,0.4
2019/11/26,15.49,15.22,15.49,15.09,815298,1271594656,2.6,-1.17,-0.18,0.42
2019/11/27,15.24,15.07,15.24,14.99,476170,736584288,1.64,-0.99,-0.15,0.25
2019/11/28,15.07,15.09,15.14,15.04,378017,585252048,0.66,0.13,0.02,0.19
2019/11/29,15.14,14.89,15.15,14.78,653867,1001451104,2.45,-1.33,-0.2,0.34
2019/12/2,14.95,14.96,15.03,14.83,553877,849784128,1.34,0.47,0.07,0.29
2019/12/3,14.9,15.05,15.06,14.81,455418,700293552,1.67,0.6,0.09,0.23
2019/12/4,14.94,14.91,15.01,14.81,524545,802110336,1.33,-0.93,-0.14,0.27
2019/12/5,14.95,15.03,15.08,14.9,557084,857682576,1.21,0.8,0.12,0.29
2019/12/6,15.07,15.2,15.32,15.06,712615,1109423056,1.73,1.13,0.17,0.37
2019/12/9,15.22,15.01,15.22,14.95,605993,935135952,1.78,-1.25,-0.19,0.31
2019/12/10,14.96,14.93,14.98,14.85,556384,851377536,0.87,-0.53,-0.08,0.29
2019/12/11,14.98,15.26,15.28,14.9,871505,1351786528,2.55,2.21,0.33,0.45
2019/12/12,15.26,15.2,15.27,15.13,478999,747519504,0.92,-0.39,-0.06,0.25
2019/12/13,15.45,15.72,15.72,15.37,1053104,1680707280,2.3,3.42,0.52,0.54
2019/12/16,15.72,15.73,15.74,15.47,787952,1262802464,1.72,0.06,0.01,0.41
2019/12/17,15.6,16.1,16.23,15.58,1203105,1969891328,4.13,2.35,0.37,0.62
2019/12/18,16.03,16.06,16.26,16.01,797091,1317608544,1.55,-0.25,-0.04,0.41
2019/12/19,16.15,16.15,16.34,16.04,675537,1119925968,1.87,0.56,0.09,0.35
2019/12/20,16.15,16.19,16.28,16.04,644478,1067869776,1.49,0.25,0.04,0.33
2019/12/23,16.28,15.84,16.28,15.77,715793,1173372080,3.15,-2.16,-0.35,0.37
2019/12/24,15.83,16,16.1,15.83,459128,752351616,1.7,1.01,0.16,0.24
2019/12/25,16.05,15.9,16.16,15.84,414918,679664592,2,-0.63,-0.1,0.21
2019/12/26,15.94,16.07,16.08,15.92,372034,610381760,1.01,1.07,0.17,0.19
2019/12/27,16.13,16.23,16.53,16.03,1042575,1741473184,3.11,1,0.16,0.54
2019/12/30,16.06,16.17,16.23,15.7,976970,1603152784,3.27,-0.37,-0.06,0.5
2019/12/31,16.17,16.05,16.23,15.91,704442,1154704352,1.98,-0.74,-0.12,0.36
2020/1/2,16.25,16.47,16.55,16.15,1530232,2571196480,2.49,2.62,0.42,0.79
2020/1/3,16.54,16.78,16.91,16.52,1116195,1914495472,2.37,1.88,0.31,0.58
2020/1/6,16.61,16.67,16.94,16.51,862084,1477930192,2.56,-0.66,-0.11,0.44
2020/1/7,16.73,16.75,16.88,16.55,728608,1247047136,1.98,0.48,0.08,0.38
2020/1/8,16.6,16.26,16.65,16.23,847824,1423608816,2.51,-2.93,-0.49,0.44
2020/1/9,16.41,16.39,16.53,16.13,1031637,1725326800,2.46,0.8,0.13,0.53
2020/1/10,16.39,16.29,16.41,16.12,585548,975154816,1.77,-0.61,-0.1,0.3
2020/1/13,16.35,16.59,16.63,16.21,872133,1468271680,2.58,1.84,0.3,0.45
2020/1/14,16.59,16.36,16.87,16.36,1304494,2217608848,3.07,-1.39,-0.23,0.67
2020/1/15,16.39,16.12,16.46,16.05,859439,1424889232,2.51,-1.47,-0.24,0.44
2020/1/16,16.12,15.93,16.17,15.8,1028105,1678888512,2.3,-1.18,-0.19,0.53
2020/1/17,15.98,15.99,16.15,15.95,605437,995909008,1.26,0.38,0.06,0.31
2020/1/20,16.03,16.05,16.21,15.95,746075,1226464656,1.63,0.38,0.06,0.38
2020/1/21,15.94,15.6,15.94,15.53,896603,1442171424,2.55,-2.8,-0.45,0.46
2020/1/22,15.52,15.69,15.76,15.31,719465,1150933392,2.88,0.58,0.09,0.37
2020/1/23,15.52,15.14,15.52,14.99,1100592,1723394336,3.38,-3.51,-0.55,0.57
2020/2/3,13.59,13.59,14.3,13.59,2259195,3201454160,4.69,-10.24,-1.55,1.16
2020/2/4,13.65,14.2,14.26,13.62,1706172,2442932848,4.71,4.49,0.61,0.88
2020/2/5,14.19,14.23,14.49,13.92,1491380,2177632048,4.01,0.21,0.03,0.77
2020/2/6,14.41,14.37,14.47,14.11,1185816,1740107632,2.53,0.98,0.14,0.61
2020/2/7,14.2,14.22,14.29,14.01,924853,1345053248,1.95,-1.04,-0.15,0.48
2020/2/10,14.11,14.1,14.13,13.9,1339495,1931983488,1.62,-0.84,-0.12,0.69
2020/2/11,14.2,14.39,14.54,14.16,1407507,2077194144,2.7,2.06,0.29,0.73
2020/2/12,14.39,14.37,14.42,14.2,1070503,1573229040,1.53,-0.14,-0.02,0.55
2020/2/13,14.31,14.25,14.48,14.21,1013205,1491327712,1.88,-0.84,-0.12,0.52
2020/2/14,14.35,14.63,14.74,14.3,1512435,2253906448,3.09,2.67,0.38,0.78
2020/2/17,14.64,14.97,14.97,14.53,1543696,2337993584,3.01,2.32,0.34,0.8
2020/2/18,14.93,14.8,14.93,14.61,973612,1478274224,2.14,-1.14,-0.17,0.5
2020/2/19,14.7,14.84,14.97,14.68,874107,1333730224,1.96,0.27,0.04,0.45
2020/2/20,14.87,15.19,15.22,14.7,1235444,1897923024,3.5,2.36,0.35,0.64
2020/2/21,15.09,15.18,15.32,15.05,995071,1546692928,1.78,-0.07,-0.01,0.51
2020/2/24,15.06,14.83,15.06,14.75,1191795,1820183856,2.04,-2.31,-0.35,0.61
2020/2/25,14.6,14.64,14.73,14.38,1144575,1710369792,2.36,-1.28,-0.19,0.59
2020/2/26,14.37,14.59,14.87,14.3,1176599,1769612240,3.89,-0.34,-0.05,0.61
2020/2/27,14.56,14.71,14.75,14.49,975271,1464605744,1.78,0.82,0.12,0.5
2020/2/28,14.45,14.1,14.64,14.06,1300644,1906892416,3.94,-4.15,-0.61,0.67
2020/3/2,14.15,14.39,14.55,14.06,1116581,1647432272,3.48,2.06,0.29,0.58
2020/3/3,14.56,14.32,14.59,14.23,1153584,1705816272,2.5,-0.49,-0.07,0.59
2020/3/4,14.28,14.29,14.38,14.11,862595,1261123056,1.89,-0.21,-0.03,0.44
2020/3/5,14.4,14.99,15.24,14.33,2686602,4089493520,6.37,4.9,0.7,1.38
2020/3/6,14.78,14.63,14.87,14.62,1228531,1858691264,1.67,-2.4,-0.36,0.63
2020/3/9,14.31,14.05,14.33,14.02,1665794,2420392128,2.12,-3.96,-0.58,0.86
2020/3/10,13.98,14.36,14.45,13.98,1167865,1709084560,3.35,2.21,0.31,0.6
2020/3/11,14.37,14.29,14.48,14.22,814382,1201250688,1.81,-0.49,-0.07,0.42
2020/3/12,14.25,14.28,14.44,14.13,986497,1447436640,2.17,-0.07,-0.01,0.51
2020/3/13,13.5,14.12,14.18,13.5,1169766,1669009840,4.76,-1.12,-0.16,0.6
2020/3/16,14.05,13.35,14.06,13.35,1406202,1975824192,5.03,-5.45,-0.77,0.72
2020/3/17,13.35,13.01,13.57,12.73,1177849,1582506080,6.29,-2.55,-0.34,0.61
2020/3/18,13.01,12.31,13.15,12.25,1384784,1816836896,6.92,-5.38,-0.7,0.71
2020/3/19,12.28,11.83,12.34,11.51,1891457,2313863664,6.74,-3.9,-0.48,0.97
2020/3/20,12,12.12,12.28,11.86,1578353,1967487824,3.55,2.45,0.29,0.81
2020/3/23,11.6,11.75,11.95,11.53,1071114,1300469488,3.47,-3.05,-0.37,0.55
2020/3/24,12,12.21,12.28,11.87,1180200,1472909392,3.49,3.91,0.46,0.61
2020/3/25,12.48,12.47,12.67,12.3,1136958,1467534960,3.03,2.13,0.26,0.59
2020/3/26,12.38,12.66,12.94,12.32,1075192,1408651056,4.97,1.52,0.19,0.55
2020/3/27,12.85,12.75,12.98,12.68,653019,861618656,2.37,0.71,0.09,0.34
2020/3/30,12.45,12.54,12.64,12.36,661739,852956240,2.2,-1.65,-0.21,0.34
2020/3/31,12.65,12.4,12.69,12.38,513370,662915472,2.47,-1.12,-0.14,0.26
2020/4/1,12.46,12.49,12.73,12.42,520836,676070112,2.5,0.73,0.09,0.27
2020/4/2,12.35,12.57,12.57,12.26,518365,663197632,2.48,0.64,0.08,0.27
2020/4/3,12.42,12.21,12.49,12.15,825348,1047282400,2.7,-2.86,-0.36,0.43
2020/4/7,12.49,12.48,12.54,12.41,870314,1121200112,1.06,2.21,0.27,0.45
2020/4/8,12.48,12.38,12.52,12.32,528716,676604880,1.6,-0.8,-0.1,0.27
2020/4/9,12.48,12.34,12.49,12.32,408554,522027888,1.37,-0.32,-0.04,0.21
2020/4/10,12.36,12.39,12.58,12.25,666675,853689952,2.67,0.41,0.05,0.34
2020/4/13,12.27,12.19,12.31,12.07,446214,562008048,1.94,-1.61,-0.2,0.23
2020/4/14,12.25,12.46,12.46,12.17,686087,874856560,2.38,2.21,0.27,0.35
2020/4/15,12.46,12.47,12.53,12.38,656396,843649280,1.2,0.08,0.01,0.34
2020/4/16,12.39,12.28,12.39,12.14,789155,997623824,2,-1.52,-0.19,0.41
2020/4/17,12.37,12.49,12.64,12.25,1331165,1713215760,3.18,1.71,0.21,0.69
2020/4/20,12.46,12.59,12.65,12.37,818456,1058524016,2.24,0.8,0.1,0.42
2020/4/21,12.9,13.05,13.3,12.9,2122448,2861879088,3.18,3.65,0.46,1.09
2020/4/22,12.97,12.83,13.02,12.76,1032803,1368222848,1.99,-1.69,-0.22,0.53
2020/4/23,12.83,12.83,12.91,12.71,646990,855052112,1.56,0,0,0.33
2020/4/24,12.77,12.84,12.88,12.71,566002,747473776,1.33,0.08,0.01,0.29
2020/4/27,12.9,13.1,13.24,12.85,936830,1263809744,3.04,2.02,0.26,0.48
2020/4/28,13.05,13.12,13.16,12.87,771564,1038718080,2.21,0.15,0.02,0.4
2020/4/29,13.08,13.62,13.7,13.05,1108722,1541638208,4.95,3.81,0.5,0.57
2020/4/30,13.62,13.53,13.92,13.48,819540,1155968240,3.23,-0.66,-0.09,0.42
2020/5/6,13.36,13.37,13.49,13.21,1008998,1382727488,2.07,-1.18,-0.16,0.52
2020/5/7,13.36,13.29,13.36,13.2,662749,904349536,1.2,-0.6,-0.08,0.34
2020/5/8,13.36,13.55,13.62,13.28,934782,1297924592,2.56,1.96,0.26,0.48
2020/5/11,13.52,13.6,13.73,13.5,612862,859156592,1.7,0.37,0.05,0.32
2020/5/12,13.55,13.39,13.65,13.32,558511,772109504,2.43,-1.54,-0.21,0.29
2020/5/13,13.35,13.23,13.38,13.13,640359,871062048,1.87,-1.19,-0.16,0.33
2020/5/14,13.15,12.9,13.19,12.82,944672,1259440848,2.8,-2.49,-0.33,0.49
2020/5/15,12.99,12.83,13.03,12.74,756794,1004313264,2.25,-0.54,-0.07,0.39
2020/5/18,12.8,12.8,12.94,12.72,637209,843479664,1.71,-0.23,-0.03,0.33
2020/5/19,13.01,12.96,13.05,12.87,600369,801755664,1.41,1.25,0.16,0.31
2020/5/20,12.98,13.11,13.22,12.87,690851,929928880,2.7,1.16,0.15,0.36
2020/5/21,13.12,13,13.17,12.96,552312,742797056,1.6,-0.84,-0.11,0.28
2020/5/22,12.93,12.52,12.94,12.52,856237,1119433488,3.23,-3.69,-0.48,0.44
2020/5/25,12.57,12.56,12.58,12.36,410171,528769360,1.76,0.32,0.04,0.21
2020/5/26,12.62,12.64,12.67,12.54,396212,515451856,1.04,0.64,0.08,0.2
2020/5/27,12.65,12.6,12.79,12.56,482963,630305872,1.82,-0.32,-0.04,0.25
2020/5/28,12.69,12.89,13,12.63,960760,1255226992,2.94,2.3,0.29,0.5
2020/5/29,12.83,12.82,12.86,12.74,457808,594502128,0.93,-0.54,-0.07,0.24
2020/6/1,12.92,13.14,13.21,12.9,882961,1173619008,2.42,2.5,0.32,0.46
2020/6/2,13.11,13.37,13.45,13.1,883459,1194375824,2.66,1.75,0.23,0.46
2020/6/3,13.46,13.36,13.7,13.32,956803,1308782288,2.84,-0.07,-0.01,0.49
2020/6/4,13.35,13.39,13.46,13.23,583066,788707632,1.72,0.22,0.03,0.3
2020/6/5,13.42,13.41,13.44,13.25,383027,517232128,1.42,0.15,0.02,0.2
2020/6/8,13.5,13.44,13.67,13.4,585972,802115792,2.01,0.22,0.03,0.3
2020/6/9,13.46,13.49,13.55,13.35,474300,646895840,1.49,0.37,0.05,0.24
2020/6/10,13.53,13.31,13.53,13.22,580476,781995744,2.3,-1.33,-0.18,0.3
2020/6/11,13.2,12.9,13.21,12.82,1349040,1774199984,2.93,-3.08,-0.41,0.7
2020/6/12,12.72,12.81,12.84,12.69,1030551,1331618736,1.16,-0.7,-0.09,0.53
2020/6/15,12.67,12.64,12.79,12.62,660313,850767504,1.33,-1.33,-0.17,0.34
2020/6/16,12.72,12.71,12.81,12.68,718059,927043680,1.03,0.55,0.07,0.37
2020/6/17,12.71,12.67,12.74,12.58,716468,918251152,1.26,-0.31,-0.04,0.37
2020/6/18,12.58,12.58,12.62,12.41,1119648,1419972016,1.66,-0.71,-0.09,0.58
2020/6/19,12.55,12.62,12.66,12.43,1539522,1954584912,1.83,0.32,0.04,0.79
2020/6/22,12.56,12.46,12.58,12.44,1319080,1671023280,1.11,-1.27,-0.16,0.68
2020/6/23,12.47,12.42,12.51,12.34,990807,1248046640,1.36,-0.32,-0.04,0.51
2020/6/24,12.46,12.62,12.7,12.42,1523220,1946329088,2.25,1.61,0.2,0.78
2020/6/29,12.74,12.62,12.79,12.53,1038480,1330678288,2.06,0,0,0.54
2020/6/30,12.65,12.62,12.7,12.54,937940,1199181600,1.27,0,0,0.48
2020/7/1,12.61,12.94,12.97,12.56,1697390,2202800848,3.25,2.54,0.32,0.87
2020/7/2,12.9,13.25,13.31,12.79,2590501,3433511088,4.02,2.4,0.31,1.33
2020/7/3,13.39,14.07,14.14,13.38,3768334,5280918016,5.74,6.19,0.82,1.94
2020/7/6,14.42,15.5,15.5,14.41,4711461,7168653312,7.75,10.16,1.43,2.43
2020/7/7,16.12,15.3,16.45,14.85,3964428,6267919616,10.32,-1.29,-0.2,2.04
2020/7/8,15.05,15.58,15.82,15.05,2631339,4095447760,5.03,1.83,0.28,1.36
2020/7/9,15.48,15.35,15.48,15.13,2243994,3469517328,2.25,-1.48,-0.23,1.16
2020/7/10,15.17,14.68,15.3,14.58,2158773,3254272384,4.69,-4.36,-0.67,1.11
2020/7/13,14.52,14.71,14.9,14.32,1937160,2871414848,3.95,0.2,0.03,1
2020/7/14,14.72,14.5,15.01,14.37,1953566,2891773824,4.35,-1.43,-0.21,1.01
2020/7/15,14.6,14.09,14.68,14.05,2042563,2947173152,4.34,-2.83,-0.41,1.05
2020/7/16,14.12,13.97,14.37,13.94,1930891,2771496384,3.05,-0.85,-0.12,1
2020/7/17,13.99,13.96,14.1,13.77,1291347,1821043920,2.36,-0.07,-0.01,0.67
2020/7/20,14.05,14.55,14.59,13.92,1979632,2872758064,4.8,4.23,0.59,1.02
2020/7/21,14.5,14.31,14.5,14.22,1252866,1815570304,1.92,-1.65,-0.24,0.65
2020/7/22,14.31,14.23,14.47,14.09,1312952,1895447232,2.66,-0.56,-0.08,0.68
2020/7/23,14.06,13.83,14.11,13.63,2027526,2838535216,3.37,-2.81,-0.4,1.04
2020/7/24,13.79,13.32,13.81,13.24,1830882,2504647104,4.12,-3.69,-0.51,0.94
2020/7/27,13.49,13.06,13.5,12.92,1880653,2497551472,4.35,-1.95,-0.26,0.97
2020/7/28,13.16,13.16,13.25,13,1217006,1618089552,1.91,0.77,0.1,0.63
2020/7/29,13.17,13.36,13.45,13.03,1519580,2043847472,3.19,1.52,0.2,0.78
2020/7/30,13.32,13.19,13.33,13.19,964068,1294444928,1.05,-1.27,-0.17,0.5
2020/7/31,13.1,13.16,13.35,13.07,1165822,1559068288,2.12,-0.23,-0.03,0.6
2020/8/3,13.29,13.41,13.44,13.25,1445096,1954607264,1.44,1.9,0.25,0.74
2020/8/4,13.48,13.86,13.97,13.3,2445663,3388510064,5,3.36,0.45,1.26
2020/8/5,13.64,13.58,13.67,13.44,1440203,1980352976,1.66,-2.02,-0.28,0.74
2020/8/6,13.64,13.72,13.78,13.47,1352511,1868047344,2.28,1.03,0.14,0.7
2020/8/7,13.62,13.52,13.72,13.44,988678,1356305776,2.04,-1.46,-0.2,0.51
2020/8/10,13.49,13.77,13.84,13.44,1587710,2208568320,2.96,1.85,0.25,0.82
2020/8/11,13.79,13.95,14.48,13.79,2603308,3748036832,5.01,1.31,0.18,1.34
2020/8/12,14.03,14.2,14.32,13.97,1596812,2287731088,2.51,1.79,0.25,0.82
2020/8/13,14.22,14,14.28,13.96,837262,1190139728,2.25,-1.41,-0.2,0.43
2020/8/14,13.92,14.29,14.33,13.88,1103216,1578543600,3.21,2.07,0.29,0.57
2020/8/17,14.42,15.01,15.17,14.37,3268028,4923669248,5.6,5.04,0.72,1.68
2020/8/18,15.02,14.97,15.12,14.73,1350261,2033477712,2.6,-0.27,-0.04,0.7
2020/8/19,14.93,14.92,15.17,14.78,1420928,2154215104,2.61,-0.33,-0.05,0.73
2020/8/20,14.83,14.41,14.96,14.35,1333802,1962605008,4.09,-3.42,-0.51,0.69
2020/8/21,14.53,14.27,14.53,14.14,1234517,1787278576,2.71,-0.97,-0.14,0.64
2020/8/24,14.32,14.28,14.53,14.23,919449,1338031968,2.1,0.07,0.01,0.47
2020/8/25,14.38,14.42,14.51,14.28,748320,1090756848,1.61,0.98,0.14,0.39
2020/8/26,14.42,14.19,14.43,14.1,734118,1057274176,2.29,-1.6,-0.23,0.38
2020/8/27,14.22,14.28,14.28,13.93,626667,895618656,2.47,0.63,0.09,0.32
2020/8/28,14.08,14.95,15,14.08,2410400,3599035696,6.44,4.69,0.67,1.24
2020/8/31,15.12,14.9,15.5,14.81,1797130,2760350320,4.62,-0.33,-0.05,0.93
2020/9/1,14.78,14.96,15.05,14.7,813643,1228342736,2.35,0.4,0.06,0.42
2020/9/2,14.83,15.14,15.35,14.83,1679383,2575966640,3.48,1.2,0.18,0.87
2020/9/3,15.14,14.72,15.15,14.66,1279842,1919266720,3.24,-2.77,-0.42,0.66
2020/9/4,14.55,14.78,14.88,14.42,909890,1353550816,3.13,0.41,0.06,0.47
2020/9/7,14.7,14.76,15.06,14.65,1031377,1551971376,2.77,-0.14,-0.02,0.53
2020/9/8,14.82,15.25,15.25,14.82,1407602,2154220784,2.91,3.32,0.49,0.73
2020/9/9,15.08,15.03,15.38,14.95,1013572,1554005568,2.82,-1.44,-0.22,0.52
2020/9/10,15.14,15.16,15.3,15.02,957092,1469402768,1.86,0.86,0.13,0.49
2020/9/11,15,14.83,15.12,14.64,954236,1431844016,3.17,-2.18,-0.33,0.49
2020/9/14,14.83,15.12,15.12,14.74,680251,1027508112,2.56,1.96,0.29,0.35
2020/9/15,15.02,15.17,15.3,14.97,657133,1007999040,2.18,0.33,0.05,0.34
2020/9/16,15.14,15.26,15.36,15.03,722415,1114667840,2.18,0.59,0.09,0.37
2020/9/17,15.36,15.39,15.54,15.22,988216,1543414496,2.1,0.85,0.13,0.51
2020/9/18,15.44,15.89,15.91,15.34,1373193,2186759088,3.7,3.25,0.5,0.71
2020/9/21,15.82,15.68,15.87,15.53,896162,1418370976,2.14,-1.32,-0.21,0.46
2020/9/22,15.49,15.39,15.66,15.21,867756,1354536272,2.87,-1.85,-0.29,0.45
2020/9/23,15.41,15.45,15.65,15.33,599200,939763264,2.08,0.39,0.06,0.31
2020/9/24,15.41,14.94,15.43,14.94,1061011,1623376208,3.17,-3.3,-0.51,0.55
2020/9/25,15.02,15.01,15.13,14.93,614087,933035040,1.34,0.47,0.07,0.32
2020/9/28,15.01,15.13,15.19,14.8,612711,932800768,2.6,0.8,0.12,0.32
2020/9/29,15.21,14.62,15.23,14.58,1182374,1766848544,4.3,-3.37,-0.51,0.61
2020/9/30,14.62,14.99,15.09,14.62,1217065,1838547600,3.21,2.53,0.37,0.63
2020/10/9,15.12,15,15.37,14.95,900426,1376995904,2.8,0.07,0.01,0.46
2020/10/12,15.04,15.72,15.87,15.03,1591347,2509002880,5.6,4.8,0.72,0.82
2020/10/13,15.72,15.88,15.93,15.59,908819,1453986336,2.16,1.02,0.16,0.47
2020/10/14,15.86,15.85,15.94,15.62,662562,1057937824,2.02,-0.19,-0.03,0.34
2020/10/15,16.02,16.38,16.74,15.97,1600062,2654379584,4.86,3.34,0.53,0.82
2020/10/16,16.38,16.92,17.19,16.36,2095614,3589229552,5.07,3.3,0.54,1.08
2020/10/19,17.12,17.3,17.92,17.12,2016106,3571336000,4.73,2.25,0.38,1.04
2020/10/20,17.3,17.36,17.42,17.07,960072,1673173360,2.02,0.35,0.06,0.49
2020/10/21,17.46,17.73,17.82,17.15,1244560,2204040368,3.86,2.13,0.37,0.64
2020/10/22,17.76,17.38,18.32,17.12,1890519,3342069008,6.77,-1.97,-0.35,0.97
2020/10/23,17.35,17.95,18.6,17.35,1698502,3105623952,7.19,3.28,0.57,0.88
2020/10/26,18.02,17.52,18.11,17.27,1175599,2085800592,4.68,-2.4,-0.43,0.61
2020/10/27,17.82,17.58,17.82,17.32,1034865,1839243232,2.85,0.34,0.06,0.53
2020/10/28,17.58,17.45,17.72,17.11,1205824,2125604544,3.47,-0.74,-0.13,0.62
2020/10/29,17.36,17.59,17.75,17.17,846604,1498040944,3.32,0.8,0.14,0.44
2020/10/30,17.56,17.57,18.18,17.42,1007804,1813064336,4.32,-0.11,-0.02,0.52
2020/11/2,17.47,17.45,17.87,17.15,968453,1702741440,4.1,-0.68,-0.12,0.5
2020/11/3,17.53,17.78,18.16,17.52,957869,1727488480,3.67,1.89,0.33,0.49
2020/11/4,18.17,18.14,18.3,17.78,1247636,2275824960,2.92,2.02,0.36,0.64
2020/11/5,18.19,17.52,18.32,17.36,1429469,2558562448,5.29,-3.42,-0.62,0.74
2020/11/6,17.53,17.46,17.57,17.04,848782,1486492208,3.03,-0.34,-0.06,0.44
2020/11/9,17.49,17.66,17.82,17.36,951424,1688807408,2.63,1.15,0.2,0.49
2020/11/10,17.82,17.93,18.32,17.75,1021063,1854142816,3.23,1.53,0.27,0.53
2020/11/11,18.02,17.63,18.12,17.42,940130,1677811472,3.9,-1.67,-0.3,0.48
2020/11/12,17.63,17.48,17.76,17.27,677258,1197284176,2.78,-0.85,-0.15,0.35
2020/11/13,17.24,17,17.29,16.51,1289189,2191492016,4.46,-2.75,-0.48,0.66
2020/11/16,16.9,17.19,17.25,16.72,759857,1308190464,3.12,1.12,0.19,0.39
2020/11/17,17.2,17.65,17.75,17.07,852931,1509511584,3.96,2.68,0.46,0.44
2020/11/18,17.6,18.28,18.32,17.57,1373401,2508632640,4.25,3.57,0.63,0.71
2020/11/19,18.41,18.67,18.8,18.12,1211741,2270476480,3.72,2.13,0.39,0.62
2020/11/20,18.65,18.68,18.81,18.34,673919,1265262912,2.52,0.05,0.01,0.35
2020/11/23,18.67,19.44,19.44,18.62,1165858,2252290576,4.39,4.07,0.76,0.6
2020/11/24,19.44,19.18,19.5,18.99,678543,1313496144,2.62,-1.34,-0.26,0.35
2020/11/25,19.3,18.88,19.52,18.87,552585,1068352016,3.39,-1.56,-0.3,0.28
2020/11/26,18.87,19.32,19.43,18.85,639658,1240074384,3.07,2.33,0.44,0.33
2020/11/27,19.82,19.52,19.82,19.2,753774,1479430640,3.21,1.04,0.2,0.39
2020/11/30,19.72,19.56,20.7,19.41,1581441,3213680464,6.61,0.2,0.04,0.81
2020/12/1,19.52,19.87,20.33,19.22,1263720,2516010784,5.67,1.58,0.31,0.65
2020/12/2,19.75,19.45,19.88,19.34,889385,1758639184,2.72,-2.11,-0.42,0.46
2020/12/3,19.6,19.36,19.68,18.99,714452,1393085024,3.55,-0.46,-0.09,0.37
2020/12/4,19.29,19.12,19.29,18.79,891348,1707639072,2.58,-1.24,-0.24,0.46
2020/12/7,19.13,18.73,19.21,18.5,873807,1655173472,3.71,-2.04,-0.39,0.45
2020/12/8,18.74,18.53,18.85,18.35,719648,1345951728,2.67,-1.07,-0.2,0.37
2020/12/9,18.61,18.53,18.87,18.5,677221,1277484448,2,0,0,0.35
2020/12/10,18.55,18.47,18.7,18.27,607867,1130916256,2.32,-0.32,-0.06,0.31
2020/12/11,18.53,18.34,18.62,18.04,887794,1642392320,3.14,-0.7,-0.13,0.46
2020/12/14,18.42,18.7,18.88,18.32,835992,1575396016,3.05,1.96,0.36,0.43
2020/12/15,18.62,18.56,18.67,17.97,788858,1458268624,3.74,-0.75,-0.14,0.41
2020/12/16,18.62,18.83,18.92,18.4,689070,1302133808,2.8,1.45,0.27,0.36
2020/12/17,18.73,18.77,18.89,18.42,686141,1294658304,2.5,-0.32,-0.06,0.35
2020/12/18,18.82,18.18,18.92,18.05,1058756,1959764080,4.64,-3.14,-0.59,0.55
2020/12/21,18.12,18.1,18.46,17.85,906878,1662649808,3.36,-0.44,-0.08,0.47
2020/12/22,18.18,17.72,18.47,17.7,1028738,1873638736,4.25,-2.1,-0.38,0.53
2020/12/23,17.78,17.82,17.89,17.61,750083,1345650736,1.58,0.56,0.1,0.39
2020/12/24,17.97,18.08,18.31,17.87,632950,1155767280,2.47,1.46,0.26,0.33
2020/12/25,18.08,17.86,18.08,17.62,577077,1038128192,2.54,-1.22,-0.22,0.3
2020/12/28,17.84,18.67,18.68,17.78,1270337,2352947328,5.04,4.54,0.81,0.65
2020/12/29,18.69,18.99,19.12,18.52,963092,1837947232,3.21,1.71,0.32,0.5
2020/12/30,18.82,19.02,19.02,18.54,978498,1854082816,2.53,0.16,0.03,0.5
2020/12/31,19.03,19.16,19.4,18.84,924503,1781736288,2.94,0.74,0.14,0.48
2021/1/4,18.92,18.42,18.92,18.26,1554216,2891682320,3.44,-3.86,-0.74,0.8
2021/1/5,18.22,17.99,18.3,17.62,1821352,3284606912,3.69,-2.33,-0.43,0.94
2021/1/6,17.9,19.38,19.38,17.82,1934945,3648521904,8.67,7.73,1.39,1
2021/1/7,19.34,19.72,19.8,19.05,1584185,3111274624,3.87,1.75,0.34,0.82
2021/1/8,19.72,19.67,19.92,19.13,1195473,2348316368,4.01,-0.25,-0.05,0.62
2021/1/11,19.82,20.2,20.46,19.82,1790457,3652546640,3.25,2.69,0.53,0.92
2021/1/12,20.21,20.82,20.82,20,1288166,2657687440,4.06,3.07,0.62,0.66
2021/1/13,20.82,20.52,20.83,20.22,1049120,2161849712,2.93,-1.44,-0.3,0.54
2021/1/14,20.5,19.99,20.71,19.77,1130156,2306404544,4.58,-2.58,-0.53,0.58
2021/1/15,20.82,20.82,21.77,20.64,2480689,5311218176,5.65,4.15,0.83,1.28
2021/1/18,21.02,22.52,22.6,21.02,2157302,4792909568,7.59,8.17,1.7,1.11
2021/1/19,22.33,22.16,22.66,21.87,1242088,2790056608,3.51,-1.6,-0.36,0.64
2021/1/20,21.97,22.29,22.79,21.94,1280793,2889249856,3.84,0.59,0.13,0.66
2021/1/21,22.32,22.05,22.62,21.97,944779,2114252736,2.92,-1.08,-0.24,0.49
2021/1/22,22.05,21.85,22.05,21.33,924434,2025834768,3.27,-0.91,-0.2,0.48
2021/1/25,21.54,22.31,22.42,21.25,1028365,2269032816,5.35,2.11,0.46,0.53
2021/1/26,22.12,22.19,23.14,22.12,1126721,2558575504,4.57,-0.54,-0.12,0.58
2021/1/27,22.13,22.9,23.29,22.13,1294153,2976800960,5.23,3.2,0.71,0.67
2021/1/28,22.6,22.63,23,22.27,857477,1948881152,3.19,-1.18,-0.27,0.44
2021/1/29,22.63,22.91,23.36,22.53,1240258,2864101424,3.67,1.24,0.28,0.64
2021/2/1,22.82,24.37,24.81,22.52,1475239,3529556992,10,6.37,1.46,0.76
2021/2/2,23.2,23.1,23.92,22.73,2416169,5679180032,4.88,-5.21,-1.27,1.25
2021/2/3,23.3,24.77,25,23.2,1923272,4690176512,7.79,7.23,1.67,0.99
2021/2/4,24,24.42,25.06,23.86,1255248,3084553744,4.84,-1.41,-0.35,0.65
2021/2/5,24.42,24.75,25.13,24.09,1015576,2517804160,4.26,1.35,0.33,0.52
2021/2/8,24.72,24.62,24.72,23.92,1084265,2650948256,3.23,-0.53,-0.13,0.56
2021/2/9,24.61,24.4,24.66,23.99,942094,2302978160,2.72,-0.89,-0.22,0.49
2021/2/10,24.42,23.64,24.78,23.2,1918867,4569742080,6.48,-3.11,-0.76,0.99
2021/2/18,23.82,24.12,24.37,23.3,1505231,3619387648,4.53,2.03,0.48,0.78
2021/2/19,23.78,23.67,24.01,23.39,922583,2197558288,2.57,-1.87,-0.45,0.48
2021/2/22,23.62,22.2,23.62,22.08,1956842,4445818624,6.51,-6.21,-1.47,1.01
2021/2/23,22.2,21.75,22.5,21.64,1870460,4160776608,3.87,-2.03,-0.45,0.96
2021/2/24,22.09,21.98,22.1,21.38,1428500,3144209056,3.31,1.06,0.23,0.74
2021/2/25,22.22,21.91,22.38,21.5,1593403,3524600800,4,-0.32,-0.07,0.82
2021/2/26,21.42,21.2,21.78,21.03,1124977,2424653760,3.42,-3.24,-0.71,0.58
2021/3/1,21.36,21.27,21.5,21,1125387,2408050912,2.36,0.33,0.07,0.58
2021/3/2,21.44,21.47,21.97,21.08,1473425,3196536976,4.18,0.94,0.2,0.76
2021/3/3,21.4,22.83,22.9,21.28,1919635,4320024320,7.55,6.33,1.36,0.99
2021/3/4,22.59,22.74,23.31,22.47,1213579,2799747152,3.68,-0.39,-0.09,0.63
2021/3/5,22.52,22.16,22.8,21.68,880171,1960439120,4.93,-2.55,-0.58,0.45
2021/3/8,22.26,21.42,22.51,21.3,993774,2189190960,5.46,-3.34,-0.74,0.51
2021/3/9,21.5,20.67,21.74,20.4,1361895,2882931920,6.26,-3.5,-0.75,0.7
2021/3/10,20.66,20.22,20.73,20.1,1149417,2356185008,3.05,-2.18,-0.45,0.59
2021/3/11,20.4,21.09,21.2,20.38,1048659,2213107792,4.06,4.3,0.87,0.54
2021/3/12,21.19,21.3,21.52,21.02,697201,1494219072,2.37,1,0.21,0.36
2021/3/15,21.22,21.42,21.94,20.93,958749,2077984896,4.74,0.56,0.12,0.49
2021/3/16,21.42,21.48,21.93,21.09,939684,2038470656,3.92,0.28,0.06,0.48
2021/3/17,21.27,21.02,21.37,20.72,821489,1738185856,3.03,-2.14,-0.46,0.42
2021/3/18,21.12,21.55,21.55,20.82,691610,1483801552,3.47,2.52,0.53,0.36
2021/3/19,21.35,20.29,21.47,20.19,1525622,3159181040,5.94,-5.85,-1.26,0.79
2021/3/22,20.37,21.37,21.37,20.35,1451190,3087549488,5.03,5.32,1.08,0.75
2021/3/23,21.39,21.05,21.47,20.78,682903,1448043616,3.23,-1.5,-0.32,0.35
2021/3/24,21.03,20.35,21.1,20.27,850085,1757688576,3.94,-3.33,-0.7,0.44
2021/3/25,20.4,20.57,20.65,20.22,492666,1017166048,2.11,1.08,0.22,0.25
2021/3/26,20.66,20.96,21.22,20.58,822108,1733412576,3.11,1.9,0.39,0.42
2021/3/29,21.1,21.31,21.47,21.02,785667,1684397872,2.15,1.67,0.35,0.4
2021/3/30,21.2,21.75,21.75,21.03,738655,1601238496,3.38,2.06,0.44,0.38
2021/3/31,21.59,21.83,21.89,21.42,777028,1699922176,2.16,0.37,0.08,0.4
2021/4/1,21.9,21.6,21.93,21.32,544449,1183868016,2.79,-1.05,-0.23,0.28
2021/4/2,21.52,21.32,21.55,21.18,581084,1249405392,1.71,-1.3,-0.28,0.3
2021/4/6,21.37,21.5,21.91,21.33,401103,873387024,2.72,0.84,0.18,0.21
2021/4/7,21.7,21.46,21.75,21.13,517605,1116774448,2.88,-0.19,-0.04,0.27
2021/4/8,21.28,21.38,21.55,21.15,383030,825170848,1.86,-0.37,-0.08,0.2
2021/4/9,21.53,21.12,21.54,20.9,398960,849870880,2.99,-1.22,-0.26,0.21
2021/4/12,21.33,20.52,21.33,20.45,594743,1240067312,4.17,-2.84,-0.6,0.31
2021/4/13,20.54,20.6,20.7,20.41,499904,1036992688,1.41,0.39,0.08,0.26
2021/4/14,20.61,20.49,20.76,20.24,537438,1113001536,2.52,-0.53,-0.11,0.28
2021/4/15,20.58,20.18,20.59,19.9,735865,1494016048,3.37,-1.51,-0.31,0.38
2021/4/16,20.18,20.08,20.25,19.63,729998,1466509056,3.07,-0.5,-0.1,0.38
2021/4/19,19.85,20.97,21.06,19.73,1112283,2304021472,6.62,4.43,0.89,0.57
2021/4/20,20.9,21.51,21.77,20.74,834773,1798249024,4.91,2.58,0.54,0.43
2021/4/21,22.12,22.83,23.01,22.11,1597100,3644577536,4.18,6.14,1.32,0.82
2021/4/22,23.01,22.8,23.05,22.6,829694,1905208912,1.97,-0.13,-0.03,0.43
2021/4/23,23.14,23.11,23.47,22.89,823230,1920413504,2.54,1.36,0.31,0.42
2021/4/26,23.69,22.76,24.05,22.72,872418,2037109600,5.76,-1.51,-0.35,0.45
2021/4/27,22.77,22.76,23.01,22.68,470431,1083043584,1.45,0,0,0.24
2021/4/28,23.11,23.17,23.27,22.6,593838,1375141408,2.94,1.8,0.41,0.31
2021/4/29,23.16,23.41,23.53,22.93,614837,1439823968,2.59,1.04,0.24,0.32
2021/4/30,23.17,23.11,23.31,22.83,561981,1308177200,2.05,-1.28,-0.3,0.29
2021/5/6,22.92,23.32,23.52,22.92,500295,1174181616,2.6,0.91,0.21,0.26
2021/5/7,23.49,23.87,24.12,23.21,802214,1929112368,3.9,2.36,0.55,0.41
2021/5/10,23.82,23.68,23.86,22.84,661439,1566860768,4.27,-0.8,-0.19,0.34
2021/5/11,23.44,23.35,23.57,22.88,497223,1161846400,2.91,-1.39,-0.33,0.26
2021/5/12,23.11,23.37,23.46,22.7,533265,1245517712,3.25,0.09,0.02,0.27
2021/5/13,23.34,22.89,23.41,22.66,549653,1271946304,3.21,-2.05,-0.48,0.28
2021/5/14,23.14,23.32,23.43,22.6,563785,1300250944,3.63,1.88,0.43,0.29
2021/5/17,23.15,23.6,23.82,22.95,527565,1241605200,3.73,1.2,0.28,0.27
2021/5/18,23.85,23.9,24.11,23.4,395415,939786736,3.01,1.27,0.3,0.2
2021/5/19,23.82,23.6,24.13,23.52,429420,1022553744,2.55,-1.26,-0.3,0.22
2021/5/20,23.41,23.82,23.84,23.27,405788,957478848,2.42,0.93,0.22,0.21
2021/5/21,23.88,23.49,24.09,23.03,539336,1263058112,4.45,-1.39,-0.33,0.28
2021/5/24,23.48,23.48,23.6,23.19,343936,806092208,1.75,-0.04,-0.01,0.18
2021/5/25,23.54,24.6,24.73,23.45,972375,2363145904,5.45,4.77,1.12,0.5
2021/5/26,24.64,25.01,25.12,24.5,919264,2286540256,2.52,1.67,0.41,0.47
2021/5/27,24.91,24.79,25.16,24.52,504091,1246712048,2.56,-0.88,-0.22,0.26
2021/5/28,24.68,24.5,24.71,24.16,492401,1200523312,2.22,-1.17,-0.29,0.25
2021/5/31,24.33,24.2,24.53,23.91,515351,1244209040,2.53,-1.22,-0.3,0.27
2021/6/1,24.2,23.92,24.25,23.5,625018,1490476624,3.1,-1.16,-0.28,0.32
2021/6/2,23.89,23.89,23.92,23.38,497527,1176608128,2.26,-0.13,-0.03,0.26
2021/6/3,23.72,23.77,24.14,23.68,400901,958876480,1.93,-0.5,-0.12,0.21
2021/6/4,23.99,24.54,24.96,23.8,756739,1851425840,4.88,3.24,0.77,0.39
2021/6/7,24.48,24.3,24.48,23.93,447914,1081738832,2.24,-0.98,-0.24,0.23
2021/6/8,24.15,24.53,24.57,23.95,570078,1384120304,2.55,0.95,0.23,0.29
2021/6/9,24.43,24.65,24.88,24.18,453832,1116771376,2.85,0.49,0.12,0.23
2021/6/10,24.66,24.2,25.06,24.15,530215,1294972560,3.69,-1.83,-0.45,0.27
2021/6/11,24.31,23.37,24.35,23.12,834665,1965393120,5.08,-3.43,-0.83,0.43
2021/6/15,23.35,23.22,23.43,22.8,660623,1524503472,2.7,-0.64,-0.15,0.34
2021/6/16,23.22,23.26,23.4,23.01,378208,878470832,1.68,0.17,0.04,0.19
2021/6/17,23.02,23.1,23.69,23.02,453282,1059121808,2.88,-0.69,-0.16,0.23
2021/6/18,23.13,22.65,23.28,22.39,694099,1574437728,3.85,-1.95,-0.45,0.36
2021/6/21,22.6,22.16,22.67,22.01,718273,1600119856,2.91,-2.16,-0.49,0.37
2021/6/22,22.38,22.97,23.09,22.25,757751,1720058048,3.79,3.66,0.81,0.39
2021/6/23,22.85,23.14,23.41,22.72,447908,1035835696,3,0.74,0.17,0.23
2021/6/24,23.03,23.08,23.12,22.68,390283,894502112,1.9,-0.26,-0.06,0.2
2021/6/25,23.08,23.36,23.6,23.06,559973,1310287392,2.34,1.21,0.28,0.29
2021/6/28,23.36,22.78,23.39,22.48,626257,1425702208,3.9,-2.48,-0.58,0.32
2021/6/29,22.58,22.34,22.79,22,1049749,2341926368,3.47,-1.93,-0.44,0.54
2021/6/30,22.36,22.62,22.93,22.35,403435,913285184,2.6,1.25,0.28,0.21
2021/7/1,22.81,23.2,23.5,22.52,664833,1530548800,4.33,2.56,0.58,0.34
2021/7/2,22.72,21.81,22.74,21.76,1070678,2360189792,4.22,-5.99,-1.39,0.55
2021/7/5,21.69,22.06,22.15,21.09,859341,1859394320,4.86,1.15,0.25,0.44
2021/7/6,22.08,22.78,23,21.85,791957,1784792784,5.21,3.26,0.72,0.41
2021/7/7,22.68,22.55,23.05,22.5,468945,1063910096,2.41,-1.01,-0.23,0.24
2021/7/8,22.78,21.51,22.78,21.2,1457059,3140657440,7.01,-4.61,-1.04,0.75
2021/7/9,21.3,21.27,21.63,21.02,762365,1625461600,2.84,-1.12,-0.24,0.39
2021/7/12,21.5,21.16,21.5,20.89,877901,1859059504,2.87,-0.52,-0.11,0.45
2021/7/13,21.15,21.12,21.34,20.54,657614,1382029136,3.78,-0.19,-0.04,0.34
2021/7/14,21,20.76,21,20.41,847951,1755810880,2.79,-1.7,-0.36,0.44
2021/7/15,20.72,21.62,21.72,20.63,956003,2040266256,5.25,4.14,0.86,0.49
2021/7/16,21.41,21.34,21.82,21.3,573003,1230180816,2.41,-1.3,-0.28,0.3
2021/7/19,21.36,21.21,21.43,20.78,522136,1098434736,3.05,-0.61,-0.13,0.27
2021/7/20,21.1,20.6,21.2,20.47,804034,1665315552,3.44,-2.88,-0.61,0.41
2021/7/21,20.58,20.45,20.8,20.2,753077,1535327568,2.91,-0.73,-0.15,0.39
2021/7/22,20.45,20.38,20.66,20.24,868648,1773999328,2.05,-0.34,-0.07,0.45
2021/7/23,20.38,20.1,20.38,20,727404,1461467504,1.86,-1.37,-0.28,0.37
2021/7/26,19.96,18.8,19.99,18.43,1451304,2770236704,7.76,-6.47,-1.3,0.75
2021/7/27,18.87,17.76,18.99,17.6,1357551,2461708368,7.39,-5.53,-1.04,0.7
2021/7/28,17.85,17.75,18.07,17.68,1062994,1898562592,2.2,-0.06,-0.01,0.55
2021/7/29,17.91,17.96,18.24,17.78,872378,1566107824,2.59,1.18,0.21,0.45
2021/7/30,17.92,17.69,18.05,17.24,950156,1679747312,4.51,-1.5,-0.27,0.49
2021/8/2,17.64,18.01,18.14,17.18,1159923,2056014240,5.43,1.81,0.32,0.6
2021/8/3,17.99,17.89,18.15,17.66,896949,1609422576,2.72,-0.67,-0.12,0.46
2021/8/4,18.04,17.81,18.07,17.6,729620,1300164288,2.63,-0.45,-0.08,0.38
2021/8/5,17.7,17.68,18.05,17.58,621574,1104903008,2.64,-0.73,-0.13,0.32
2021/8/6,17.55,17.86,17.9,17.45,567454,1005870944,2.55,1.02,0.18,0.29
2021/8/9,17.91,19.06,19.25,17.84,1752798,3313803232,7.89,6.72,1.2,0.9
2021/8/10,19.09,19.73,19.98,18.9,1301988,2535427984,5.67,3.52,0.67,0.67
2021/8/11,19.99,19.81,20.58,19.7,1048308,2104975152,4.46,0.41,0.08,0.54
2021/8/12,19.79,19.89,20.3,19.63,666458,1330388048,3.38,0.4,0.08,0.34
2021/8/13,19.78,19.89,19.92,19.5,562885,1110191392,2.11,0,0,0.29
2021/8/16,20.09,19.95,20.2,19.57,627050,1247681168,3.17,0.3,0.06,0.32
2021/8/17,19.85,19.67,20.22,19.61,476022,947385520,3.06,-1.4,-0.28,0.25
2021/8/18,19.67,20.62,21.2,19.55,1332732,2732213552,8.39,4.83,0.95,0.69
2021/8/19,20.48,20.34,20.62,20.02,649976,1315320352,2.91,-1.36,-0.28,0.33
2021/8/20,19.97,19.42,20.07,18.7,1614628,3119152560,6.74,-4.52,-0.92,0.83
2021/8/23,19.5,19.3,20.05,19.11,1191849,2315871648,4.84,-0.62,-0.12,0.61
2021/8/24,19.35,19.36,19.97,19.21,868953,1690760832,3.94,0.31,0.06,0.45
2021/8/25,19.42,19.16,19.47,18.95,698084,1341330416,2.69,-1.03,-0.2,0.36
2021/8/26,19.2,18.46,19.26,18.41,951619,1783725040,4.44,-3.65,-0.7,0.49
2021/8/27,18.56,18.39,18.88,18.31,728820,1354408976,3.09,-0.38,-0.07,0.38
2021/8/30,18.21,17.72,18.29,17.55,1252211,2221855856,4.02,-3.64,-0.67,0.65
2021/8/31,17.72,17.8,17.93,17.31,1174868,2072006848,3.5,0.45,0.08,0.61
2021/9/1,17.48,17.88,17.92,17.01,2316894,4046284160,5.11,0.45,0.08,1.19
2021/9/2,18,18.4,18.78,17.8,2422604,4454545408,5.48,2.91,0.52,1.25
2021/9/3,18.5,18.04,18.5,17.7,1394819,2523273152,4.35,-1.96,-0.36,0.72
2021/9/6,17.93,18.45,18.6,17.78,1515226,2780281088,4.55,2.27,0.41,0.78
2021/9/7,18.6,19.24,19.56,18.35,1622344,3067365664,6.56,4.28,0.79,0.84
2021/9/8,19.24,19.23,19.55,19.1,1026201,1979771472,2.34,-0.05,-0.01,0.53
2021/9/9,19.11,19,19.15,18.8,739506,1399536016,1.82,-1.2,-0.23,0.38
2021/9/10,18.89,20.57,20.77,18.84,2314945,4668361728,10.16,8.26,1.57,1.19
2021/9/13,20.36,20.21,20.51,19.81,1297228,2606152384,3.4,-1.75,-0.36,0.67
2021/9/14,20.18,19.37,20.27,19.27,1158173,2272080160,4.95,-4.16,-0.84,0.6